ply
format ascii 1.0
comment Created by CloudCompare v2.14.alpha (Sep 12 2025)
comment Created 2026-05-02T14:33:30
obj_info Generated by CloudCompare!
element vertex 5051
property float x
property float y
property float z
end_header
-2.041284 -0.138028 -1.100026 
-1.996405 -0.144864 -1.104329 
-2.031392 -0.131632 -1.109410 
-1.996104 -0.146381 -1.047311 
2.299674 -0.077079 0.578059 
-1.959125 -0.144931 -1.084911 
-0.974310 -0.014672 -0.427415 
-0.958638 -0.017915 -0.065625 
-1.972210 -0.099533 -1.130450 
-1.965798 -0.110212 -1.129717 
-1.970978 -0.134434 -0.992619 
-1.961598 -0.141587 -0.998819 
-1.977450 -0.085795 -1.131911 
-1.967811 -0.091077 -1.131978 
-1.936701 -0.107785 -1.130219 
-2.056570 -0.027206 -1.121618 
-1.917685 -0.146026 -1.081848 
-1.147598 -0.017185 -0.573925 
-2.008081 -0.032645 -1.134180 
-2.047965 -0.006810 -1.129144 
-0.976730 -0.017399 -0.649658 
-0.965859 -0.020760 -0.625952 
-2.010489 -0.025063 -1.135689 
-1.991293 -0.055060 -0.338605 
-1.901405 -0.146961 -1.050197 
-1.883889 -0.147495 -1.096874 
-1.614774 -0.001184 -0.718537 
-1.600861 -0.012232 -0.714780 
-1.602208 0.001282 -0.719131 
-1.881337 -0.113334 -1.125485 
1.570874 -0.073027 0.325805 
-2.366186 -0.014301 0.109705 
-2.330979 -0.028543 0.112427 
-1.267296 -0.072473 -0.128747 
-1.284811 -0.014191 -0.126871 
-1.293426 -0.008288 -0.130699 
-2.589221 -0.051955 -0.374574 
-1.461259 -0.019829 -0.936409 
-1.598206 -0.041038 -0.082058 
-1.604937 -0.000589 -0.074494 
-1.612977 -0.033007 -0.080383 
-1.616380 -0.037955 -0.080469 
-1.620955 -0.025465 -0.078694 
-1.865328 -0.148614 -1.019118 
-2.302110 -0.039076 -0.340050 
-2.317812 -0.029449 -0.343080 
1.785305 -0.067506 0.586624 
-1.849500 -0.148264 -1.092085 
1.771078 -0.060780 0.585019 
1.764416 -0.070201 0.580842 
-2.002514 0.038905 -1.132670 
-2.012181 0.048074 -1.127444 
2.401554 0.019912 0.723686 
-1.837884 -0.148047 -1.094175 
-2.003262 -0.021397 0.089850 
-1.836914 -0.147785 -1.080168 
-0.987504 -0.012881 -0.114744 
-1.916441 -0.051248 -0.983602 
-0.993593 -0.063377 0.167949 
-0.974025 -0.018234 0.124811 
-2.588173 -0.058470 -0.103934 
-1.980318 0.061585 -1.129698 
2.412183 0.020699 0.692654 
-1.934727 0.036434 -1.139063 
-1.287954 -0.004608 -0.669008 
-1.819361 -0.147031 -1.056597 
-1.833198 -0.090826 -1.120030 
-2.026457 0.088751 -1.114565 
-1.825527 -0.140647 -0.987049 
-1.822298 -0.134152 -0.982430 
-1.705359 -0.022583 -0.104588 
2.429087 0.019500 0.739543 
-1.806967 -0.140058 -0.980226 
-1.740246 -0.107218 0.301876 
-1.287526 -0.014843 0.153509 
-1.962065 0.091331 -1.124834 
-1.497213 -0.052755 -0.590776 
-1.538361 -0.035075 -0.638247 
-1.454736 -0.024533 -0.552483 
-1.507980 0.010581 -0.595868 
-1.892356 0.038272 -1.134751 
-1.863655 -0.077347 0.313124 
-1.793666 -0.078337 -1.107378 
-1.863292 0.030124 0.319231 
-1.849814 -0.008748 -1.139639 
-1.402810 -0.096644 0.281812 
-1.930327 0.094701 -1.125197 
-1.761007 -0.138220 -1.076844 
-1.409417 -0.039885 0.291044 
-1.416243 0.026642 0.291171 
2.423868 0.021680 0.629079 
-1.453099 -0.057835 0.317698 
-1.833972 -0.008336 -1.135465 
-1.866259 0.025666 -1.136248 
-1.637905 -0.057385 -0.428788 
-1.639761 -0.054947 -0.428770 
-1.735690 -0.016278 -0.411931 
-1.798074 -0.049680 -1.113968 
-1.755137 -0.149780 -1.029173 
-1.440076 -0.116147 0.361940 
-1.424194 -0.038525 0.350390 
-1.757332 -0.150157 -0.991372 
-1.440706 -0.136912 0.360223 
-1.418507 0.013086 0.346074 
-1.442912 -0.065260 0.361639 
-1.431553 -0.083651 0.356164 
-1.835478 0.015639 -1.132489 
-1.753987 -0.089427 -1.086188 
-1.913872 0.088689 -0.984329 
-1.738515 -0.149297 -1.044722 
-2.313124 -0.013011 -0.172784 
-1.771369 -0.053575 -1.102165 
-2.267822 -0.014135 -0.174783 
-2.364827 -0.016430 -0.135384 
-2.573554 -0.070383 -0.545107 
-2.568595 0.001444 -0.552857 
-1.860864 0.064973 -1.124557 
-2.568661 -0.011661 -0.552885 
-1.864868 0.035359 -0.969961 
-1.740488 -0.139004 -0.935732 
-1.734296 -0.150048 -1.013169 
-2.561143 -0.034604 -0.534351 
-2.572469 -0.059761 -0.550315 
-1.863044 0.020665 -0.697761 
-1.887112 0.070756 -0.980502 
-1.729771 -0.149808 -0.999310 
-1.871424 -0.068901 -0.716162 
-1.717816 -0.146500 -1.041304 
-1.841031 -0.013130 -0.675408 
-1.851550 0.012284 -0.682849 
-1.827786 -0.025987 -0.666821 
-1.812248 -0.017737 -0.658227 
-1.860247 -0.046785 -0.701879 
1.509575 -0.075525 0.133299 
1.473372 -0.104196 0.142407 
-1.875317 0.071119 -0.979352 
-1.719998 -0.150027 -1.001199 
-1.701524 -0.142827 -1.039157 
1.464820 -0.021395 0.151349 
-1.719782 -0.151389 -0.966506 
1.617698 -0.060464 0.121218 
-1.787519 0.013133 -1.117050 
-1.873050 0.085645 -0.980890 
1.506472 -0.085882 0.134341 
1.465767 -0.093125 0.143404 
2.507653 0.006857 0.761027 
2.106581 -0.070181 0.191131 
2.096226 -0.054017 0.164557 
2.113183 -0.091507 0.183834 
-1.797994 0.043431 -1.108613 
-1.855118 0.052770 -0.830531 
2.500205 0.009983 0.759857 
-1.867795 0.013181 -0.816015 
-1.873481 0.031596 -0.808683 
-1.864873 -0.122010 -0.816879 
-1.770735 0.025060 -1.105349 
-1.829173 0.096104 -1.108686 
-1.862266 0.117156 -0.825571 
-1.766021 0.003550 -0.924465 
-1.818403 -0.014621 -0.954010 
-1.800590 -0.043310 -0.951599 
-1.763902 -0.038896 -0.926716 
-1.683001 -0.082595 -1.045115 
-1.762119 -0.011580 -0.922145 
-1.810608 0.049228 -0.957643 
-1.713714 -0.112080 -0.867635 
-1.429655 0.012660 -0.816490 
-1.328558 -0.043627 -0.843000 
-1.314698 0.045981 -0.846367 
-1.444837 0.004836 -0.826311 
-1.744125 0.026112 -1.092061 
-1.359504 -0.045446 -0.824196 
-1.420073 0.047912 -0.805331 
-1.780477 -0.057854 0.133671 
-1.792093 -0.020751 0.135119 
-1.654004 -0.149960 -0.979877 
-1.839925 -0.114705 0.171578 
-1.755498 -0.038053 0.127696 
-1.861442 -0.103757 0.198275 
-1.862701 -0.142813 0.193108 
-1.865741 -0.121455 0.201563 
-1.828880 -0.010908 0.146741 
-1.868386 -0.034787 0.201519 
-1.880292 -0.051579 0.223443 
-1.832911 -0.061549 0.168653 
-1.663286 -0.153522 -0.902385 
-1.725725 -0.044431 -0.875033 
-1.850236 -0.141236 0.176789 
-1.657040 -0.152912 -0.907537 
-1.884321 -0.068797 0.230021 
-1.442976 -0.020677 0.037033 
-1.454434 -0.010935 0.037475 
-1.471307 -0.016913 0.041941 
-1.470471 -0.023249 0.041526 
-1.648907 -0.153079 -0.915848 
-1.498218 -0.027228 0.069285 
-1.501334 -0.040025 0.075416 
-1.501238 -0.048234 0.076827 
-1.760636 0.087630 -1.081428 
-1.510766 -0.069989 0.094905 
-1.128789 -0.050788 -0.574684 
-1.121060 -0.047513 -0.571829 
-1.121263 -0.010455 -0.567249 
-1.698343 0.019226 -1.066835 
-1.694760 0.012677 -1.067745 
-1.102212 -0.062740 -0.571850 
-1.078871 -0.014868 -0.566733 
-1.077466 -0.073939 -0.581650 
-1.637387 -0.155084 -0.903039 
-1.034416 0.008851 -0.604663 
-1.671106 -0.006737 -1.053002 
-1.658312 -0.025068 -1.039748 
-1.769616 0.075822 -0.943927 
-1.029349 0.008582 -0.635630 
-1.703565 0.039749 -1.061531 
-1.039294 -0.050338 -0.650966 
-1.042090 -0.040657 -0.660434 
-1.687009 -0.155619 -0.807006 
-1.690236 -0.156041 -0.802217 
-1.766005 0.089627 -0.943657 
-1.728767 0.080064 -1.065040 
-1.749885 0.077070 -0.928164 
-0.994534 -0.035770 -0.679509 
-0.989462 -0.036028 -0.672135 
-1.463674 -0.008366 -0.176432 
-1.579756 -0.105528 -0.934034 
-1.726744 0.051885 -0.886708 
-1.775331 -0.072385 -0.824738 
-1.039491 -0.015271 -0.395479 
-1.145590 -0.009967 -0.338861 
-1.582059 -0.142747 -0.920169 
-1.228962 -0.015650 -0.400088 
-1.258587 -0.030953 -0.400196 
-1.588172 -0.078419 -0.951416 
-1.649022 -0.155245 -0.764235 
2.381989 -0.042755 0.766539 
-1.131223 -0.005028 -0.335392 
-1.016919 -0.044985 -0.124959 
-1.045468 -0.015656 -0.145343 
-1.058022 -0.008389 -0.150465 
-1.128534 -0.024378 -0.177396 
-1.163848 -0.010948 -0.172707 
-1.251240 -0.038074 -0.118056 
-1.760929 -0.154695 -0.755052 
2.103365 -0.067519 0.501322 
2.118769 0.004845 0.428714 
2.120771 0.009222 0.405598 
2.108583 -0.034797 0.396908 
2.123037 0.011887 0.392717 
-1.591112 -0.010991 -0.980376 
-1.570422 -0.043130 -0.942849 
-1.575946 -0.149842 -0.770665 
2.116714 -0.053445 0.365349 
2.131205 0.013583 0.361105 
-1.589817 -0.125928 -0.759989 
-1.549323 -0.150758 -0.870360 
-1.650317 -0.138646 -0.725874 
2.269237 -0.046170 0.218330 
-1.544654 -0.152920 -0.857861 
-1.575061 -0.014865 -0.960514 
-1.510879 -0.113341 -0.858133 
1.961421 -0.075959 0.447490 
1.961075 -0.077156 0.455859 
-1.602424 -0.089219 -0.747160 
1.990407 -0.057667 0.514276 
-1.158008 -0.040778 0.063399 
-1.535780 -0.156090 -0.842285 
-1.127623 -0.034941 0.049074 
2.487850 0.020452 0.684799 
-1.122922 -0.030350 0.048004 
-1.517604 -0.073790 -0.873615 
-1.079709 -0.018879 0.048693 
-1.598401 0.038268 -0.963426 
2.520316 -0.031038 0.768400 
-1.597585 -0.084303 -0.740677 
-1.640600 0.100392 -0.994415 
-1.036556 -0.048075 0.146594 
-1.038885 -0.020567 0.147161 
-1.092153 0.001712 0.189922 
-1.626177 -0.068624 -0.735366 
-1.570699 0.025604 -0.934061 
-1.531697 -0.155531 -0.754603 
-1.093503 -0.012094 0.215184 
-1.091456 -0.080664 0.213907 
-1.088281 0.069392 0.224913 
-1.086225 -0.042309 0.218306 
-1.507869 -0.061210 -0.866392 
-1.546895 -0.126433 -0.706365 
-1.526122 -0.156548 -0.770544 
-1.586983 0.062017 -0.943704 
2.565749 0.016503 0.747573 
-1.041705 -0.004878 0.209601 
-1.038895 -0.010262 0.207931 
-1.635181 -0.066343 -0.723114 
-1.491616 -0.072286 -0.849616 
-1.403247 -0.037278 0.340022 
2.370116 -0.055650 0.764467 
-1.552877 0.021113 -0.917935 
-1.353351 -0.128508 0.347870 
-1.735502 -0.144515 -0.676343 
-1.332155 -0.106095 0.346587 
-1.518100 -0.151344 -0.731559 
-1.321274 0.008690 0.331875 
-1.318506 -0.063393 0.321838 
-1.319512 -0.010605 0.322296 
-1.322867 0.023653 0.307907 
2.572768 0.016933 0.744308 
-1.335242 -0.055314 0.290684 
-1.348654 0.012630 0.285190 
-1.346182 0.022121 0.285954 
-1.341396 -0.103765 0.285980 
-1.360180 0.006806 0.282079 
-1.362745 -0.095493 0.277845 
-1.380980 -0.020462 0.281010 
-1.373103 -0.080679 0.278195 
-1.390516 -0.033398 0.281306 
-1.502650 -0.154789 -0.734147 
-1.551579 0.039627 -0.905019 
2.500619 0.020308 0.697555 
2.444114 -0.068089 0.775809 
-1.752476 -0.057470 0.400303 
-1.763165 -0.032723 0.404876 
-1.765764 -0.042728 0.408198 
-1.769365 -0.036264 0.409733 
-1.637564 -0.043827 -0.711869 
-1.830905 -0.007869 0.441710 
-1.879635 -0.028842 0.448826 
-1.961154 -0.019549 0.442776 
-1.989043 -0.030955 0.437729 
-1.995125 -0.034251 0.435625 
-1.483479 -0.157805 -0.775309 
-1.799210 0.110736 -0.821003 
-1.441833 -0.106964 -0.811797 
-1.844267 -0.075717 0.319858 
-1.837180 -0.021796 0.323794 
-1.813540 -0.015863 0.323990 
-1.431371 -0.098418 -0.808744 
-1.671282 -0.057679 -0.686118 
-1.786934 -0.016316 0.309120 
-1.560056 -0.049621 -0.676634 
-1.759151 -0.017936 0.295284 
-1.756687 0.044287 0.298047 
-1.752008 -0.059631 0.295580 
-1.741954 0.004836 0.302690 
-1.744973 -0.115864 0.297853 
-1.316428 0.042613 -0.854396 
-1.422250 -0.101960 -0.805893 
2.357148 -0.045477 0.744767 
-1.340032 0.017260 -0.871542 
-1.428425 -0.128738 -0.803668 
-1.565397 -0.028072 -0.672467 
-1.350785 -0.056835 -0.874502 
-1.419504 -0.090528 -0.806611 
-1.357030 -0.041467 -0.871305 
-1.377555 0.075916 -0.854876 
-1.369884 -0.131660 -0.872314 
-1.376781 -0.109235 -0.867197 
-1.504778 0.032662 -0.859573 
-1.419022 -0.105560 -0.869391 
-1.433470 0.068925 -0.867139 
-1.422815 -0.133020 -0.874960 
-1.431237 -0.113530 -0.880251 
-1.450117 -0.005396 -0.892127 
-1.455922 -0.005811 -0.896851 
-1.447329 -0.087507 -0.902424 
-1.449103 -0.075957 -0.902377 
-1.583085 0.005582 -0.693959 
-2.330672 -0.023796 -0.633471 
-1.655412 -0.005828 -0.681916 
-2.308239 -0.011114 -0.630022 
-2.285715 -0.010788 -0.630872 
-2.247140 -0.010913 -0.646370 
-2.240752 -0.003699 -0.647444 
-1.715916 -0.045337 -0.660245 
-1.489705 -0.081823 -0.588316 
-1.480910 -0.099257 -0.582310 
-1.456295 -0.132651 -0.631061 
-2.189855 -0.056170 -0.616558 
-2.196044 -0.005607 -0.611831 
-2.184401 0.016310 -0.599879 
-2.145762 0.004700 -0.563120 
-1.492378 0.051914 -0.842078 
-1.395800 -0.066117 -0.807104 
-2.105231 -0.060839 -0.526961 
-2.102635 -0.018702 -0.509145 
-2.088304 -0.024937 -0.493522 
-2.073680 -0.046667 -0.482981 
-1.463905 -0.129096 -0.590770 
-2.080129 -0.007014 -0.478879 
-2.057760 -0.002104 -0.455070 
-2.026602 -0.020411 -0.422926 
-2.004165 -0.043944 -0.404132 
-1.993753 -0.040136 -0.391814 
-1.994556 -0.021480 -0.385909 
-1.418084 -0.158641 -0.751930 
-1.563937 0.023179 -0.677998 
-1.593176 0.021873 -0.718120 
-2.017729 -0.008253 -0.344799 
-1.625807 0.020900 -0.720019 
-1.654161 0.041002 -0.693811 
-1.713269 -0.025752 -0.655347 
-1.441948 -0.130061 -0.610059 
-2.171816 -0.023681 -0.345168 
-1.429184 -0.127980 -0.635257 
-2.202087 0.012195 -0.340656 
-1.363300 -0.103951 -0.801920 
-1.412312 -0.158285 -0.704361 
-2.271359 -0.033213 -0.340874 
-1.643325 0.064640 -0.709155 
-1.456461 -0.111550 -0.565466 
-2.319887 0.003161 0.111055 
-2.236029 -0.045427 0.136030 
-2.212958 -0.029315 0.119713 
-1.653371 0.063149 -0.698826 
-1.359031 -0.114342 -0.801415 
-2.162336 -0.021839 0.058086 
-1.585039 0.052371 -0.716334 
-2.147942 -0.070223 0.049059 
-2.136943 -0.079711 0.039192 
-2.115257 -0.084140 0.017110 
-2.063926 -0.085808 -0.036353 
-2.065066 -0.074162 -0.037045 
-2.029392 -0.087386 -0.074259 
-2.042527 -0.000011 -0.071698 
-2.009784 -0.085501 -0.096859 
-1.495353 0.106720 -0.831354 
-2.003738 -0.013917 -0.113056 
-1.475072 0.092145 -0.820616 
-1.456604 0.074319 -0.812514 
2.516785 0.019734 0.678966 
-1.975051 0.011107 -0.173533 
-1.993886 -0.008995 -0.170894 
-2.019134 -0.075936 -0.189167 
-2.039338 -0.016853 -0.175910 
-2.044885 -0.008076 -0.174295 
-2.059627 -0.043057 -0.181289 
-1.433074 -0.076953 -0.562980 
-2.072410 -0.075495 -0.188500 
-2.107018 -0.022131 -0.176612 
-2.145499 -0.013427 -0.174310 
2.571995 -0.039045 0.769931 
-2.200488 -0.003224 -0.177517 
-2.207871 0.000802 -0.177550 
-2.211843 -0.021464 -0.179879 
-1.364091 -0.157770 -0.784101 
-1.593689 0.073698 -0.732920 
-2.607036 -0.061651 -0.126084 
-1.567882 0.098617 -0.704722 
-2.608067 -0.070011 -0.149368 
-1.654171 0.113405 -0.708363 
-1.421821 -0.072732 -0.571215 
-2.613365 -0.091159 -0.177468 
-2.597065 -0.024536 -0.163004 
2.355104 -0.068411 0.751791 
-2.587991 0.051235 -0.148248 
-2.577796 0.001131 -0.174743 
-2.576588 -0.035162 -0.182545 
-2.580298 -0.086592 -0.191734 
-2.571684 -0.053640 -0.187224 
-2.567095 0.032833 -0.175677 
-1.685581 0.087901 -0.680081 
-1.470974 0.123801 -0.809200 
-2.510687 -0.100063 -0.195962 
-1.417896 -0.060344 -0.571981 
-1.408422 -0.069059 -0.617624 
-2.498690 -0.001663 -0.181745 
-2.484070 -0.073360 -0.186463 
-1.455191 0.042086 -0.907819 
-2.490864 -0.003518 -0.175218 
-1.557962 0.104781 -0.696766 
-2.487628 0.057081 -0.167565 
-1.622190 0.098241 -0.745950 
-2.487593 0.044033 -0.161412 
-1.708395 0.067647 -0.665126 
-1.415843 0.064830 -0.799152 
-2.507796 -0.033154 -0.121173 
-1.343416 -0.158743 -0.741449 
-1.509449 0.044115 -0.609794 
-2.539634 0.014423 -0.105361 
-1.533544 0.085375 -0.654690 
-1.542251 0.098830 -0.670828 
2.554349 0.019960 0.715054 
-2.522333 -0.037874 -0.534992 
-2.518352 -0.067721 -0.540549 
-2.520489 0.040554 -0.558118 
-2.520181 0.048074 -0.559422 
-1.719973 0.069887 -0.661298 
-2.514140 -0.067070 -0.573139 
-1.429652 0.102975 -0.870756 
-2.512636 0.084791 -0.597297 
-2.509972 -0.096068 -0.595223 
-2.510441 -0.067132 -0.597727 
-2.510432 -0.038349 -0.602272 
-1.726844 0.075292 -0.660138 
-2.510390 -0.028750 -0.605917 
-1.517441 0.081183 -0.629857 
-2.506894 -0.099359 -0.632054 
-2.525155 0.035304 -0.626493 
-2.531493 0.007079 -0.634466 
-2.538447 0.052487 -0.627067 
-1.332685 -0.110801 -0.680953 
2.579340 0.019380 0.718380 
-1.316372 -0.130364 -0.688366 
-2.542968 -0.068829 -0.640772 
-2.548415 -0.117938 -0.651291 
-1.737861 0.069368 -0.656571 
-2.568727 0.004994 -0.605874 
-2.566744 -0.080454 -0.623680 
-1.478345 0.033030 -0.563447 
-1.423117 0.118453 -0.866480 
2.534841 0.019509 0.692448 
-2.519643 -0.020814 -0.343883 
-2.509976 -0.002811 -0.347256 
-2.507350 -0.000299 -0.349031 
-1.398906 -0.027655 -0.614096 
-1.734097 0.084197 -0.659943 
-1.401126 0.088936 -0.792774 
-2.516028 0.027464 -0.402049 
-2.522708 0.022830 -0.403887 
2.600256 0.008256 0.726989 
-1.709854 0.120542 -0.673379 
-2.542440 -0.023502 -0.410345 
-1.456717 0.144749 -0.755064 
-2.526354 -0.119963 -0.428626 
-2.540444 -0.102203 -0.425112 
-2.574851 -0.038439 -0.416170 
-2.610420 0.057612 -0.399467 
-2.596135 0.025669 -0.402801 
-2.592234 -0.000671 -0.401751 
-2.595881 -0.016948 -0.404083 
-1.432554 0.143548 -0.774377 
-1.305191 -0.157361 -0.706936 
-2.602250 -0.041748 -0.398984 
2.586086 0.018793 0.711694 
-2.600188 -0.067459 -0.385299 
-1.339830 -0.072332 -0.672525 
-2.522800 -0.130105 0.128991 
-2.530022 -0.060333 0.098743 
2.352691 -0.078625 0.735918 
-1.377226 0.080214 -0.792333 
-1.452658 -0.003244 -0.972177 
-1.442900 0.109317 -0.926603 
-2.542711 0.038510 0.018923 
-2.563332 -0.106520 0.009589 
2.589278 -0.043981 0.765399 
-2.559446 0.058308 0.021509 
-2.571680 -0.131928 0.007017 
-1.291036 -0.158698 -0.716887 
-2.576020 -0.140943 0.006502 
-1.499318 0.124881 -0.706543 
-2.565968 0.007539 0.029077 
-1.400104 0.129177 -0.854865 
-1.399555 0.136459 -0.857918 
-2.574898 0.001617 0.050659 
-2.574467 -0.031506 0.058989 
-2.527692 -0.026821 0.087868 
-1.412867 -0.000551 -0.556662 
-1.348791 -0.040332 -0.665715 
-2.517654 -0.084751 0.047917 
-2.524012 0.020255 0.046732 
-2.524575 0.028272 0.036822 
-2.523804 -0.044647 0.022385 
-2.526550 0.055684 0.027634 
-2.525645 -0.106013 0.006682 
2.595845 0.015418 0.709142 
-1.879613 0.064518 -0.800819 
-1.272499 -0.121476 -0.704277 
-1.440237 0.110621 -0.938949 
-1.437352 0.092265 -0.955155 
-1.436504 0.079861 -0.962112 
-1.429795 0.034106 -0.987655 
-1.879301 0.121138 -0.785099 
-1.303304 -0.072258 -0.681160 
-1.413015 0.143399 -0.725808 
-1.397388 0.143166 -0.765776 
-1.332015 0.072456 -0.812451 
-1.437335 0.122608 -0.941673 
-1.426392 0.001208 -1.002608 
-1.881574 0.007477 -0.740497 
-1.238074 -0.158999 -0.859001 
-1.251853 -0.160191 -0.784383 
-1.260665 -0.158478 -0.887780 
-1.720724 0.063638 0.334534 
-1.723543 -0.073282 0.343474 
-1.250187 -0.160402 -0.772417 
-1.873334 -0.060341 0.307243 
-1.875474 0.021890 0.311483 
-1.877697 0.054577 0.306705 
-1.873554 0.086676 0.306748 
-1.887765 -0.037653 0.284235 
-1.887728 0.037385 0.291873 
-1.878678 0.103870 0.288871 
-1.890951 -0.037236 0.276598 
-1.892663 0.042053 0.278733 
-1.894584 0.005859 0.269634 
-1.424343 0.086759 -0.976867 
-1.420427 0.059981 -0.988159 
-1.890975 0.060153 0.255181 
-1.452432 -0.134591 0.056000 
-1.414673 0.055104 -0.584324 
-1.409749 0.046842 -0.613546 
2.541555 0.020264 0.641463 
1.603629 -0.027057 0.329309 
-1.418041 0.090759 -0.981962 
1.764556 -0.073014 0.578508 
-2.809395 -0.022748 -0.362261 
-1.228152 -0.138837 -0.732471 
-1.450890 0.111914 -0.590392 
2.362007 -0.097738 0.742893 
-1.410900 0.062320 -0.620378 
2.539195 0.021288 0.590225 
-1.409263 -0.013871 -1.018013 
2.554511 0.019802 0.673509 
-0.965673 -0.009156 -0.448627 
-1.256614 -0.076944 -0.702371 
-1.224826 -0.158445 -0.757484 
-1.220057 -0.159470 -0.792659 
-1.760908 0.005849 -0.833403 
-1.350108 -0.156472 -0.940775 
-1.284633 -0.156738 -0.932100 
-1.384142 -0.152890 -0.874808 
-1.437550 0.111766 -0.611314 
-1.215975 -0.135739 -0.713544 
-1.351887 0.142980 -0.735711 
-1.403171 0.087371 -0.993305 
2.117722 0.013487 0.182224 
2.105079 -0.006876 0.148803 
-1.310242 -0.156310 -0.938500 
-1.208278 -0.159480 -0.790503 
-1.194601 -0.145717 -0.849061 
-1.429593 0.109971 -0.606160 
2.539459 0.022098 0.539434 
-1.413883 0.083255 -0.628563 
-1.433021 -0.115457 -0.964380 
2.575356 -0.084589 0.768829 
2.580477 0.019484 0.686078 
-1.337524 -0.156291 -0.956742 
-2.068184 -0.006898 -0.911242 
-2.176428 -0.066164 -0.604238 
-1.332148 -0.156185 -0.960389 
-1.338108 0.143146 -0.749536 
-1.309615 0.118585 -0.835516 
-1.362029 -0.008645 -1.035291 
2.259089 0.034215 0.122688 
-1.353524 -0.154102 -0.967711 
1.914499 0.029433 0.506491 
-1.344991 0.016765 -1.027274 
-1.386889 -0.153980 -0.972169 
1.945668 -0.007922 0.363177 
-1.317820 0.008867 -0.660366 
-1.182260 -0.150134 -0.805457 
-1.190355 -0.130403 -0.851945 
-1.252880 -0.152800 -0.957534 
-1.343541 0.028413 -1.022047 
1.586513 -0.012057 0.445494 
1.854533 0.029052 0.529282 
-1.356495 0.077176 -1.011205 
2.216081 -0.133622 -0.140856 
-1.223567 -0.075928 -0.685525 
1.637082 -0.104953 0.412999 
-1.188337 -0.126957 -0.832896 
1.694990 0.030590 0.506636 
-1.359044 0.096355 -1.007492 
1.668220 -0.142751 0.412176 
2.258795 0.033774 0.070061 
-1.216253 -0.085963 -0.671704 
2.183422 -0.135106 -0.045166 
1.677414 -0.142817 0.409064 
2.599433 0.013755 0.683741 
1.806282 -0.144358 0.424631 
1.822437 0.029431 0.519890 
2.127985 -0.136129 0.103530 
-1.290521 0.142429 -0.836123 
-1.409968 -0.121505 -0.988929 
2.555582 0.021495 0.558820 
2.564066 0.020833 0.594208 
-1.204309 -0.135961 -0.667238 
-1.266699 -0.151158 -0.973097 
-1.349771 0.098316 -0.674016 
-1.379468 -0.079652 -1.016161 
2.093214 -0.065949 0.137074 
-1.160204 -0.160235 -0.800471 
-1.183154 -0.096671 -0.848710 
-1.199461 -0.154582 -0.667931 
1.768711 0.029997 0.500760 
1.919899 0.025878 0.361297 
1.637824 -0.108874 0.389519 
-1.281976 0.146157 -0.933261 
1.880679 -0.144417 0.413458 
2.154347 0.031806 0.168448 
-1.276307 0.144142 -0.836776 
1.815222 -0.144257 0.408491 
1.771477 0.030166 0.493812 
1.876381 -0.115504 0.343662 
-1.267540 0.144580 -0.856654 
-1.168393 -0.108061 -0.824740 
2.170914 -0.132911 -0.095272 
1.800814 0.030143 0.490375 
-1.308751 -0.142592 -1.001108 
-1.274662 0.142421 -0.770006 
1.785786 0.030938 0.485136 
1.885938 0.030912 0.425026 
1.887828 -0.085075 0.340345 
-1.133032 -0.151848 -0.829351 
1.852886 -0.136822 0.350512 
1.639262 -0.120996 0.372391 
2.561169 0.021564 0.561954 
-1.262037 -0.115446 -0.986879 
1.662696 0.031323 0.467000 
-1.175164 -0.079547 -0.836684 
1.659492 -0.141614 0.372417 
-1.206513 -0.068029 -0.945232 
2.118882 -0.132818 0.054540 
-1.237383 -0.094810 -0.973289 
-1.182244 -0.100701 -0.623998 
1.847129 0.030077 0.478599 
-1.140691 -0.109109 -0.837172 
2.104531 0.003737 0.129405 
-1.268856 -0.113341 -0.991790 
1.631880 -0.076464 0.381261 
1.627019 -0.067778 0.385525 
1.870063 0.030739 0.439918 
2.363230 -0.127308 0.731733 
-1.260562 0.142842 -0.741130 
1.687676 0.031001 0.448587 
2.168513 -0.166005 -0.282614 
1.567548 -0.091969 0.321391 
1.854169 0.030412 0.469431 
2.254112 0.043842 -0.148154 
-1.264933 0.139092 -0.712125 
2.149400 -0.157623 -0.202675 
-1.166869 -0.087614 -0.606509 
1.617486 -0.071431 0.328655 
2.129239 -0.134421 -0.039849 
1.675736 -0.142369 0.352999 
-1.186629 -0.046511 -0.608282 
-1.113178 -0.161325 -0.773641 
1.850770 -0.091532 0.338737 
1.631770 -0.035250 0.391904 
1.877602 -0.012539 0.348746 
-1.217271 0.143159 -0.875542 
2.151191 -0.166560 -0.276686 
1.735480 -0.141462 0.356187 
-1.128481 -0.164630 -0.679070 
1.454038 -0.097426 0.308511 
-1.247464 -0.073441 -0.989117 
-1.233525 0.141702 -0.771601 
-1.162336 -0.042515 -0.847585 
2.153747 -0.149987 -0.327784 
2.136778 -0.136195 -0.153411 
1.670604 -0.141703 0.334178 
2.292863 0.034262 -0.017956 
-1.116350 -0.164376 -0.685291 
2.247395 0.065178 -0.186433 
2.238545 0.044909 -0.148860 
1.794850 -0.131765 0.345341 
-1.273984 0.085362 -0.694162 
-1.246144 0.050736 -0.701665 
-1.207364 0.018041 -0.633687 
1.843136 0.031005 0.422011 
2.103869 -0.010858 0.089077 
1.543679 -0.130768 0.313406 
1.796255 -0.122630 0.342592 
1.440900 -0.065600 0.161720 
-1.208676 0.142324 -0.821952 
1.856698 -0.016956 0.347309 
2.411084 -0.148040 0.746082 
2.095953 -0.069996 0.062201 
2.085812 -0.108281 -0.376221 
-1.249315 0.046681 -0.981872 
2.123967 -0.165609 -0.243270 
1.624203 -0.102359 0.431971 
-1.227522 -0.038067 -0.981747 
-1.244515 0.119591 -0.714978 
-1.203049 0.138976 -0.841843 
-1.252443 0.049771 -0.983778 
-1.248382 0.005846 -0.997212 
1.638448 -0.002975 0.392103 
1.853818 -0.017090 0.347177 
2.585984 0.021897 0.554231 
-1.125925 -0.106928 -0.587068 
1.442652 -0.054411 0.158663 
-1.159724 -0.016630 -0.863107 
1.745327 0.031620 0.424472 
2.219616 -0.133556 -0.061614 
-1.087795 -0.145254 -0.742280 
2.204931 0.037480 -0.084854 
2.154925 -0.138271 0.129070 
2.132045 -0.163096 -0.296001 
1.433964 -0.062376 0.186540 
1.441526 -0.073691 0.302044 
1.630947 -0.035027 0.361555 
1.809174 0.031425 0.426203 
-1.223856 -0.013963 -0.980104 
-1.115307 -0.147146 -0.590934 
1.668463 -0.140454 0.316423 
2.089594 -0.120856 -0.364326 
-1.098125 -0.165207 -0.626929 
2.180520 0.035695 0.000321 
-1.200070 0.140133 -0.786612 
2.579345 0.023277 0.497127 
-1.115372 -0.047216 -0.858556 
-1.064769 -0.117339 -0.844029 
-1.218296 0.039741 -0.954594 
-1.080858 -0.126315 -0.728986 
-1.205238 0.078596 -0.918397 
-1.170859 0.025375 -0.597594 
-1.119803 -0.018021 -0.868058 
2.585481 0.022309 0.522784 
-1.072835 -0.163593 -0.658428 
2.075716 -0.127050 -0.356564 
1.560331 0.025801 0.456420 
2.212352 0.076702 -0.223085 
-1.200887 0.060963 -0.919643 
-1.188108 0.100575 -0.835576 
1.586506 -0.088086 0.434966 
1.775605 -0.105387 0.318171 
-1.179480 0.056082 -0.613272 
2.148889 0.033527 0.067819 
-1.174705 0.140999 -0.750243 
1.625499 -0.142166 0.293789 
1.433749 -0.040841 0.223498 
1.453082 -0.124277 0.202288 
2.594102 0.019534 0.525030 
-1.175524 0.140377 -0.719771 
1.437691 -0.036861 0.175611 
2.147548 0.034699 0.026696 
-1.207703 0.125743 -0.689216 
1.588475 -0.141263 0.283827 
1.686451 -0.141971 0.294651 
-1.197294 0.096640 -0.645826 
-1.206515 0.118313 -0.674873 
-1.115753 0.003559 -0.865650 
-1.043671 -0.082567 -0.846221 
1.461565 -0.106712 0.149150 
2.298649 0.033811 0.025507 
-1.168887 0.032227 -0.838647 
-1.153753 0.141523 -0.745480 
1.435529 -0.033584 0.235796 
-1.156763 0.141797 -0.716253 
2.146894 0.035962 0.004862 
1.951264 -0.000817 0.384397 
1.952301 -0.006087 0.385674 
1.438594 -0.025573 0.194500 
-1.191484 0.119878 -0.644789 
2.082794 -0.062531 0.025971 
1.919902 0.028588 0.540454 
2.081264 -0.137472 -0.344199 
2.058578 -0.138541 -0.342753 
1.751278 0.032967 0.384604 
-1.135328 0.143326 -0.751829 
-1.160561 0.086745 -0.822436 
2.181987 0.077675 -0.247234 
-1.178986 0.139498 -0.653815 
1.467020 -0.135605 0.183857 
2.606002 0.003851 0.604864 
1.701598 -0.140861 0.282334 
2.056113 -0.137696 -0.343299 
-1.130072 0.142548 -0.750617 
1.562173 0.029307 0.461082 
2.104005 -0.001811 0.042718 
2.087498 -0.164327 -0.279594 
2.064636 -0.132201 -0.078873 
-1.130791 0.107107 -0.829692 
1.501485 0.000857 0.324998 
1.782647 0.032389 0.385403 
-1.150530 0.078376 -0.829142 
-0.996242 -0.163057 -0.741989 
-1.029018 -0.057911 -0.844976 
-1.023282 -0.061589 -0.841466 
2.091710 -0.161652 -0.299957 
-1.134835 0.141056 -0.696589 
2.048075 -0.133337 -0.028817 
1.439196 -0.019237 0.237282 
-0.988019 -0.109939 -0.810154 
-1.130865 0.140821 -0.690971 
2.184950 -0.138529 0.093937 
2.081218 -0.153660 -0.319333 
2.619873 -0.047007 0.690155 
2.594688 0.018080 0.485550 
2.115571 0.030389 0.031092 
2.063565 -0.136650 -0.157371 
2.095197 -0.000986 -0.390784 
2.151541 0.038975 -0.123853 
-1.066540 0.026725 -0.852147 
-1.134365 0.139798 -0.613493 
-1.111402 0.137210 -0.696982 
1.727137 -0.140760 0.272599 
-0.996414 -0.058394 -0.827938 
2.058407 -0.063685 0.022364 
2.054269 -0.150736 -0.184556 
2.033557 -0.132772 -0.022239 
2.157510 0.074847 -0.207137 
-1.110961 0.139227 -0.667526 
-1.078759 0.141372 -0.797460 
2.132824 0.037653 -0.040685 
2.094726 0.006479 -0.386412 
1.774564 -0.115288 0.274141 
-1.039175 0.012536 -0.850488 
2.022127 -0.093733 0.015881 
2.058913 -0.165362 -0.269539 
2.053471 -0.149088 -0.180458 
-1.001279 -0.087449 -0.705625 
1.673828 -0.139961 0.258896 
1.721995 0.028882 0.538310 
-1.067539 0.136490 -0.817095 
-1.021277 -0.002310 -0.852430 
2.153286 0.077012 -0.217317 
-1.063749 0.141087 -0.782793 
1.520097 0.022466 0.321311 
-1.092559 0.111507 -0.729832 
1.768603 0.026270 0.351934 
1.782014 -0.034899 0.318544 
-1.060191 0.127730 -0.822731 
-0.956471 -0.081894 -0.793804 
-1.007081 -0.000215 -0.842925 
-0.958421 -0.061471 -0.800609 
-0.950913 -0.078754 -0.789697 
2.151316 0.048673 -0.153239 
2.197902 -0.138171 0.056977 
-0.938458 -0.094191 -0.775916 
1.446574 0.008855 0.217784 
2.184264 -0.139142 0.123867 
2.015076 -0.086184 0.017143 
2.038502 -0.131081 -0.120472 
-0.935070 -0.080990 -0.775335 
2.150757 -0.138364 0.138384 
1.565302 -0.140025 0.229723 
1.623562 -0.140655 0.238485 
-1.045271 0.113613 -0.823849 
-1.011143 0.030523 -0.829176 
-1.037462 0.073674 -0.831186 
2.102381 0.022456 -0.375679 
1.453078 0.020023 0.294254 
2.284498 0.034482 0.082117 
-0.922499 -0.076320 -0.762286 
2.010458 -0.131360 -0.012622 
1.772142 0.002058 0.320985 
-0.957814 -0.013814 -0.811696 
2.132084 0.039727 -0.123049 
1.951775 -0.111181 0.163284 
2.125291 0.039671 -0.117788 
2.038080 -0.164101 -0.264888 
-1.030105 0.115357 -0.730850 
1.699896 -0.140637 0.236840 
-1.046278 0.075102 -0.729684 
-0.996375 0.140694 -0.756977 
-0.998841 0.123011 -0.796579 
2.130493 0.074563 -0.205886 
-0.993941 0.136089 -0.779904 
2.044103 -0.159321 -0.305197 
-0.990874 0.140558 -0.753393 
-1.037625 0.066726 -0.725063 
-0.982426 0.137576 -0.766190 
1.658958 0.034399 0.319999 
1.761618 0.029861 0.330943 
2.123464 0.064162 -0.330811 
-1.030101 0.042248 -0.716842 
2.065483 0.024968 -0.374452 
2.005482 -0.132248 -0.073610 
1.609847 -0.139107 0.213087 
2.004538 -0.156693 -0.311365 
1.736184 0.033372 0.322140 
-1.000320 0.045394 -0.696364 
2.120914 0.063217 -0.178311 
-0.950544 0.100362 -0.764703 
1.942844 -0.064074 0.198128 
2.002263 -0.132150 -0.076313 
1.994193 -0.132440 -0.022390 
1.931057 -0.106830 0.190119 
-1.553436 -0.030146 -0.401855 
-1.501331 -0.034222 -0.337616 
-1.506852 -0.056561 -0.331610 
2.114931 0.076681 -0.215387 
-2.688457 -0.017707 -0.632865 
1.950383 -0.117465 0.133881 
1.541264 -0.138920 0.201913 
-2.690885 -0.011542 -0.630636 
1.777759 -0.099807 0.210931 
1.540300 0.036012 0.292358 
1.628542 0.034228 0.301558 
1.694780 0.034590 0.309559 
2.111414 0.077079 -0.218365 
-2.695326 -0.009879 -0.617809 
-2.675298 0.031124 -0.648746 
1.962443 -0.068824 0.162625 
1.956781 -0.102774 0.022043 
1.951922 -0.110631 0.082839 
1.772530 -0.120039 0.227000 
1.523223 0.036809 0.289543 
2.118978 0.077019 -0.277290 
1.957616 -0.076962 0.069895 
1.998883 -0.131949 -0.076424 
1.827205 0.028116 0.558492 
1.716640 0.029199 0.543748 
2.091879 0.041340 -0.360834 
2.059915 0.035211 -0.366064 
1.471174 0.014800 0.149239 
-2.684943 -0.058204 -0.610344 
-2.645831 0.015628 -0.697199 
-2.685720 -0.062097 -0.603681 
1.754091 -0.138401 0.222820 
-2.631255 -0.047600 -0.698376 
1.952718 -0.111336 0.023925 
1.711680 -0.139990 0.211311 
-2.673882 0.071358 -0.635193 
-2.617107 -0.010674 -0.719820 
-2.678383 -0.090418 -0.610644 
1.971847 -0.131585 -0.013437 
2.609848 -0.128223 0.721423 
-2.699006 0.012068 -0.588819 
1.963289 -0.062881 0.113520 
1.623719 -0.138903 0.191982 
-2.701221 -0.012075 -0.553665 
-2.645463 -0.137385 -0.634873 
-2.682623 -0.089823 -0.586758 
1.988001 -0.158089 -0.211623 
-2.689676 0.056643 -0.596339 
-2.675106 -0.120544 -0.602881 
1.575341 0.036266 0.275940 
2.373134 -0.148377 0.684812 
2.088753 0.077128 -0.244120 
-2.598661 0.035455 -0.718399 
1.594148 -0.138632 0.182214 
1.750327 -0.139136 0.203836 
-2.612550 -0.124530 -0.688132 
2.088423 0.065641 -0.183444 
1.994231 -0.164597 -0.262388 
-2.592758 0.039335 -0.719367 
1.600692 -0.138712 0.183070 
1.604236 -0.138658 0.180846 
2.038668 0.017264 0.013505 
-2.574362 0.017192 -0.735701 
-2.574291 -0.070522 -0.721204 
-2.691913 0.053154 -0.566532 
1.989128 -0.165131 -0.271515 
-2.689985 0.062046 -0.566240 
1.980354 -0.163245 -0.248795 
-2.541655 -0.010608 -0.746384 
1.918673 -0.135950 0.148407 
-2.683992 -0.080223 -0.547094 
-2.694144 0.003943 -0.511721 
1.718869 -0.143592 0.461497 
-2.585340 -0.127754 -0.692078 
-2.551761 -0.064012 -0.726303 
-2.567281 0.059208 -0.721914 
1.992155 -0.029465 0.024438 
2.546948 -0.150186 0.706070 
-2.649028 -0.144306 -0.560354 
-2.675509 -0.058447 -0.506210 
1.972850 -0.163216 -0.252206 
1.843298 -0.123697 0.187600 
1.790102 -0.040181 0.232443 
-2.694162 0.011968 -0.493162 
2.497672 -0.151440 0.691464 
1.763051 -0.137347 0.180623 
-2.682580 0.076006 -0.530154 
-2.692408 0.018505 -0.488886 
-2.672885 -0.049891 -0.487041 
1.782179 -0.035095 0.227407 
-2.671868 -0.083563 -0.505686 
1.958720 -0.158848 -0.215070 
1.923344 -0.134409 0.041323 
1.615886 -0.136533 0.156118 
-2.529613 -0.088557 -0.723599 
1.902912 -0.136648 0.109154 
2.612336 -0.028530 0.485784 
-2.717737 -0.053055 -0.480668 
-2.710783 0.027230 -0.482717 
2.040126 0.040216 -0.098447 
1.953539 -0.009974 0.161220 
-2.578843 -0.136101 -0.530208 
-2.572441 -0.137039 -0.524221 
1.951246 -0.131514 -0.141171 
1.739202 0.035257 0.246771 
1.942870 -0.130660 -0.110297 
1.939099 -0.130856 -0.099335 
-2.671310 0.060375 -0.483194 
1.750631 0.034541 0.252338 
-2.735573 0.038358 -0.485094 
1.944522 -0.141254 -0.166196 
-2.467555 -0.029731 -0.748520 
-2.742241 -0.036774 -0.491904 
-2.486800 0.035091 -0.728621 
1.696688 -0.137734 0.148931 
-2.732344 0.049072 -0.480417 
1.806510 -0.137670 0.164908 
1.975519 -0.003632 0.018385 
1.954857 -0.015856 0.085116 
-2.655830 -0.115641 -0.485895 
-2.656308 -0.111328 -0.484914 
-2.723137 -0.070956 -0.475035 
1.745428 -0.138449 0.152362 
1.750193 -0.138798 0.155875 
-2.664370 0.069894 -0.475357 
2.035469 0.077772 -0.290627 
1.888305 -0.136849 0.072189 
-2.655173 -0.092613 -0.468488 
1.794826 -0.035185 0.205143 
-2.472330 -0.065357 -0.728619 
2.617465 -0.100731 0.673636 
2.287201 0.033555 0.125640 
-2.448858 -0.024168 -0.773255 
1.579877 -0.066276 0.127619 
1.779636 -0.138337 0.149032 
1.554599 0.033225 0.156619 
-2.645784 -0.091880 -0.452330 
-2.504854 0.094064 -0.714941 
-2.621360 -0.147691 -0.485981 
1.613316 -0.115430 0.134988 
1.653997 -0.136077 0.133418 
1.664577 0.036521 0.219936 
-2.534880 -0.134072 -0.512282 
-2.638310 -0.095308 -0.446879 
-2.482054 -0.112983 -0.701181 
2.019941 0.081979 -0.262649 
2.618397 -0.045322 0.498663 
1.923482 -0.132260 -0.141091 
-2.631890 -0.142525 -0.473499 
-2.496989 -0.131600 -0.659572 
-2.494990 -0.131079 -0.664913 
1.557234 0.021954 0.149297 
1.625846 0.036321 0.210023 
1.902160 -0.133285 -0.028870 
1.569057 -0.004533 0.142870 
1.562939 0.037093 0.178149 
1.609115 0.036844 0.214664 
2.020797 0.059361 -0.168373 
2.017147 0.041285 -0.123564 
1.922485 0.005640 0.193720 
1.705000 -0.136840 0.125959 
-2.600163 -0.148839 -0.467163 
-2.476771 -0.122071 -0.703549 
1.571771 -0.020294 0.139311 
1.594919 -0.066649 0.127559 
1.976179 0.034509 0.006296 
2.491618 -0.151103 0.671917 
-2.625947 -0.077870 -0.416071 
-2.643316 -0.081205 -0.422366 
-2.817464 -0.009757 -0.502778 
-2.620222 -0.087859 -0.435715 
-2.495477 -0.141330 -0.636366 
-2.440423 0.027200 -0.780069 
-2.766671 -0.080427 -0.471498 
1.622235 -0.098255 0.128230 
1.880425 -0.159064 -0.221569 
1.581362 0.020814 0.148259 
-2.504285 -0.124990 -0.622690 
2.003668 0.058582 -0.166637 
-2.775605 -0.084949 -0.435589 
1.587993 0.009833 0.145339 
1.674179 0.036103 0.205139 
1.995204 0.061205 -0.170686 
-2.795174 -0.060533 -0.491231 
1.744334 -0.138226 0.113914 
-2.687590 0.080596 -0.425079 
-2.518302 -0.150713 -0.464152 
2.328837 0.029924 -0.051576 
1.698389 0.036449 0.200049 
1.973312 0.040748 -0.081168 
-2.464874 -0.147793 -0.676837 
1.739092 0.036237 0.194173 
2.487718 -0.150301 0.662105 
-2.594791 -0.090671 -0.432034 
-2.458484 -0.147123 -0.674858 
-2.793086 -0.083773 -0.443044 
-2.505661 -0.151948 -0.452130 
-2.593625 -0.105063 -0.435094 
-2.757099 -0.083885 -0.412081 
1.863480 -0.132590 -0.051422 
1.836241 -0.136520 0.069558 
1.940470 0.077979 -0.291673 
-2.387348 -0.028387 -0.816717 
1.975210 0.041338 -0.108334 
1.846965 -0.135025 0.024630 
1.687774 -0.130016 0.093602 
1.965721 0.066924 -0.182458 
1.930493 0.037338 0.037926 
-2.451470 -0.149160 -0.644347 
1.761618 0.035483 0.177299 
-2.694257 0.081128 -0.395092 
1.946405 0.039289 -0.045386 
-2.384857 0.020824 -0.817839 
1.797900 0.033997 0.180133 
1.866554 0.032544 0.183911 
-2.421233 -0.111773 -0.775972 
2.391933 -0.150366 0.642011 
1.808004 -0.137182 0.089042 
-2.649309 -0.086034 -0.371909 
-2.727431 -0.083953 -0.379848 
-2.604239 0.066205 -0.419149 
-2.386166 0.035752 -0.811492 
-2.851991 0.017730 -0.494697 
1.684003 -0.106734 0.082751 
1.873968 0.035998 0.171885 
2.402057 -0.150678 0.640559 
-2.442712 -0.148689 -0.623381 
-2.395669 -0.100031 -0.796500 
1.641439 -0.015057 0.122813 
1.637382 0.020709 0.135214 
-2.378409 -0.074578 -0.809909 
2.180452 -0.030120 0.200086 
1.655001 0.036044 0.144877 
-2.359427 0.010872 -0.830968 
1.649787 0.030963 0.135498 
1.666085 0.036957 0.140086 
-2.747452 -0.077428 -0.375337 
1.647646 -0.026839 0.115484 
1.652428 -0.037133 0.110110 
1.903266 0.081030 -0.259638 
2.328007 0.028858 -0.039837 
-2.489869 -0.130035 -0.401882 
1.909972 0.040505 -0.022852 
-2.589638 0.050156 -0.415271 
1.776240 -0.136144 0.058524 
1.926511 0.054493 -0.158836 
-2.697490 -0.085164 -0.354457 
-2.392368 -0.130030 -0.790433 
-2.446524 -0.148335 -0.501610 
1.830981 0.036468 0.143309 
1.910097 0.041404 -0.074579 
1.881929 0.038353 0.069910 
1.872562 0.037329 0.103238 
1.772375 -0.135808 0.047647 
1.909160 0.079868 -0.230143 
-2.736879 -0.065811 -0.363084 
-2.742448 -0.056004 -0.364088 
-2.755665 -0.050777 -0.367980 
1.797762 0.036374 0.134141 
-2.360818 0.071803 -0.809852 
1.898903 0.067753 -0.181631 
1.776389 -0.136696 -0.158032 
1.781874 -0.135215 -0.155041 
-2.389327 -0.148851 -0.688489 
-2.572411 -0.026738 -0.357770 
1.781656 -0.145327 0.473736 
1.771814 -0.132375 -0.149381 
2.618486 -0.091439 0.520812 
1.873371 0.040728 -0.024180 
1.844408 0.038168 0.095474 
-2.428123 -0.137566 -0.505101 
1.772339 -0.132619 -0.028020 
1.787407 -0.130247 -0.106776 
-2.584915 0.029542 -0.359837 
2.616126 -0.107022 0.619222 
-2.489418 -0.109596 -0.385825 
1.876606 0.052029 -0.152955 
1.732412 0.038281 0.092545 
2.605316 -0.139986 0.654573 
-2.375622 -0.148245 -0.700288 
1.862966 0.072453 -0.192774 
2.444558 -0.151016 0.624671 
-2.446388 -0.153606 -0.370463 
-2.416378 -0.117941 -0.592157 
2.133586 -0.136964 0.155412 
-2.359957 -0.131801 -0.803248 
1.864275 0.042837 -0.114943 
1.690827 -0.045064 0.042093 
2.108718 -0.108139 0.171887 
-2.423512 -0.124473 -0.504788 
1.821726 0.038937 0.060192 
1.794226 0.039092 0.063213 
1.745435 -0.132380 -0.050444 
1.844531 0.071184 -0.194438 
-2.527251 -0.063165 -0.335606 
1.717445 -0.107529 -0.007136 
-2.421890 -0.146019 -0.443486 
1.833513 0.041354 -0.069393 
1.743035 -0.130355 -0.092587 
1.734700 -0.131052 -0.060402 
1.917493 -0.145270 0.413933 
1.811799 0.040388 -0.010544 
-2.702032 -0.044492 -0.328009 
-2.287663 -0.007948 -0.835453 
-2.482135 -0.113459 -0.362323 
1.727203 0.035508 0.036898 
-2.534545 -0.097341 -0.331026 
1.802344 0.040428 -0.010015 
1.789486 0.039757 0.030891 
-2.536031 0.064254 -0.412631 
1.714781 -0.087947 -0.032486 
1.715446 -0.094855 -0.039968 
-2.342658 -0.144202 -0.796162 
-2.674341 0.078608 -0.314720 
-2.607819 -0.138413 -0.325678 
1.779017 0.042128 -0.069820 
-2.419830 -0.102046 -0.539332 
-2.741566 0.035361 -0.348300 
-2.418345 -0.095809 -0.548741 
1.731762 0.034773 -0.016963 
-2.510967 0.089842 -0.413103 
2.224086 -0.137042 0.029316 
1.714630 -0.011448 -0.031802 
-2.282990 0.008739 -0.834812 
1.684592 -0.045604 -0.091920 
2.613458 -0.115829 0.508530 
1.737728 0.041012 -0.064329 
-2.417093 -0.086398 -0.543319 
2.113034 -0.031884 0.195128 
1.708556 0.033926 -0.102454 
2.292892 0.031289 0.166335 
2.301238 0.033462 0.143757 
1.948504 0.014817 0.523770 
-2.670804 0.081737 -0.293687 
2.605338 0.010154 0.245644 
2.545278 0.028645 0.192779 
-2.311330 -0.098895 -0.816778 
-2.526127 0.052930 -0.410373 
2.611352 -0.013646 0.205342 
-2.328234 -0.148316 -0.747598 
-2.552084 -0.151628 -0.311728 
-2.496163 -0.067161 -0.338465 
2.539631 -0.006817 0.144990 
2.512693 -0.011768 0.143637 
-2.410356 -0.111323 -0.448222 
2.569796 -0.043167 0.134319 
-2.656282 -0.135421 -0.304968 
2.598901 -0.071644 0.143667 
-2.272440 -0.049996 -0.818798 
2.510146 -0.051919 0.129206 
2.607791 -0.134103 0.533952 
2.561842 -0.078725 0.132857 
-2.368432 -0.097168 -0.651927 
-2.275234 0.046591 -0.813270 
-2.461201 -0.153952 -0.318219 
2.558548 -0.106558 0.134783 
2.582541 -0.140561 0.196286 
-2.373477 -0.086747 -0.649365 
-2.307666 -0.148633 -0.780006 
2.604396 -0.139184 0.530073 
2.602688 -0.138562 0.569104 
-2.404884 -0.103556 -0.436766 
2.526904 -0.137647 0.159385 
2.536379 -0.142877 0.187785 
-2.302728 -0.130661 -0.808852 
2.632518 0.041063 -0.215904 
2.566451 -0.149834 0.602370 
-2.497905 -0.105499 -0.330882 
2.681014 -0.011196 -0.237847 
2.653518 -0.024552 -0.152097 
2.623839 0.046815 -0.223255 
-2.542027 0.110675 -0.318516 
-2.524646 0.086414 -0.322315 
1.927986 -0.143449 0.404848 
-2.412225 -0.155217 -0.299581 
-2.495905 0.068619 -0.383246 
2.656472 0.018301 -0.288082 
2.638062 -0.042754 -0.128716 
2.504420 -0.148845 0.573987 
-2.409653 -0.046382 -0.554359 
-2.276391 0.075744 -0.805254 
2.584706 -0.145404 0.574552 
-2.690837 0.035840 -0.294134 
2.640015 0.021426 -0.313203 
-2.286586 -0.148176 -0.760304 
-2.500964 0.061761 -0.329016 
-2.260328 0.020554 -0.877935 
2.647926 -0.084221 -0.164494 
2.535963 0.050443 -0.161260 
2.574294 -0.146344 0.574591 
2.266028 -0.134255 -0.106058 
2.178147 -0.138056 0.170652 
2.686210 -0.058808 -0.305165 
-2.255495 0.053783 -0.856441 
2.671638 -0.095911 -0.222425 
-2.291992 -0.148592 -0.732536 
-2.480654 0.108142 -0.356773 
2.550997 -0.149231 0.550833 
-2.383999 -0.155803 -0.282268 
2.548863 -0.149250 0.542871 
2.543777 -0.148678 0.536119 
2.632745 -0.000296 -0.347634 
2.669665 -0.099137 -0.225784 
-2.274808 -0.125862 -0.798701 
2.664909 -0.046908 -0.360320 
2.682683 -0.070254 -0.310558 
1.943457 0.027096 0.589531 
2.680161 -0.067890 -0.331702 
-2.406930 -0.031647 -0.536620 
1.873869 0.026948 0.584969 
2.517973 0.033228 -0.136804 
-2.253471 -0.090888 -0.827476 
2.596386 0.031306 -0.342316 
2.679233 -0.080263 -0.298030 
-2.260654 0.004453 -0.894777 
-2.497087 -0.154798 -0.288091 
1.693670 0.027931 0.569163 
-2.645769 -0.150625 -0.270124 
-2.275249 -0.148748 -0.749757 
2.643264 -0.034074 -0.369847 
2.676663 -0.082667 -0.305396 
-2.674072 0.066849 -0.253942 
-2.394660 -0.017813 -0.590653 
-2.495130 0.027592 -0.342663 
-2.679393 0.049700 -0.260328 
-2.252583 -0.077326 -0.850298 
2.485450 0.050636 -0.157737 
1.891385 -0.145908 0.504390 
2.232407 -0.137609 0.045962 
2.641989 -0.126426 -0.229538 
2.512299 -0.000078 -0.108968 
-2.252644 0.085011 -0.827932 
-2.254579 -0.011500 -0.911021 
-2.469494 -0.155212 -0.268414 
-2.480091 -0.154670 -0.272207 
-2.338219 -0.064188 -0.644765 
2.539385 0.055266 -0.328403 
-2.396760 -0.036235 -0.455533 
2.648732 -0.122183 -0.264188 
-2.251395 -0.012235 -0.918536 
2.498590 0.069991 -0.225568 
-2.386683 -0.070909 -0.398311 
2.541218 0.044665 -0.349869 
2.632769 -0.134758 -0.248064 
2.572641 -0.095594 -0.113868 
-2.249367 0.060102 -0.881566 
-2.249487 -0.141361 -0.783777 
2.558355 0.023870 -0.367736 
-2.248410 0.071617 -0.875518 
1.953504 -0.015106 0.451896 
2.489097 0.069219 -0.236686 
-2.337885 -0.143584 -0.321485 
2.491830 -0.006819 -0.101422 
2.470153 0.064579 -0.197788 
-2.348793 -0.156121 -0.281505 
2.510086 -0.045243 -0.087736 
-2.384392 -0.045456 -0.407439 
-2.244915 -0.110458 -0.858727 
2.306043 0.040727 -0.145514 
-2.244060 -0.011479 -0.939596 
-2.382538 0.011540 -0.610659 
2.638380 -0.112798 -0.338253 
-2.241184 -0.141556 -0.815994 
-2.332302 -0.127651 -0.325471 
-2.238336 -0.149068 -0.731505 
-2.347377 -0.157447 -0.240428 
-2.335511 -0.156728 -0.284551 
-2.247978 -0.137269 -0.690221 
2.461636 0.069939 -0.243186 
2.334186 0.008715 -0.026650 
2.615131 -0.138021 -0.301380 
-2.476943 -0.156225 -0.231135 
-2.633492 -0.153044 -0.224677 
-2.280101 -0.085960 -0.648974 
-2.595544 -0.155141 -0.218061 
-2.239743 0.089082 -0.895551 
2.408269 0.056095 -0.170952 
2.344396 0.035930 -0.131921 
-2.237243 -0.143542 -0.707650 
-2.239540 -0.131424 -0.863482 
-2.430350 -0.157078 -0.226820 
2.599914 -0.141927 -0.308864 
2.566422 -0.143499 -0.174200 
2.362540 0.057612 -0.172017 
2.298829 0.058698 -0.174328 
-2.316770 -0.121951 -0.326732 
2.351999 0.059519 -0.176198 
-2.402052 0.024622 -0.543613 
-2.365563 -0.153759 -0.209933 
-2.401735 0.025120 -0.526226 
2.566240 -0.155407 -0.216746 
2.586027 -0.084366 -0.387521 
-2.323602 -0.156742 -0.226038 
-2.334879 -0.092609 -0.330918 
2.553241 -0.142349 -0.165275 
2.296728 0.062482 -0.182327 
2.300951 0.063347 -0.184260 
-2.621742 -0.148915 -0.205134 
-2.626685 -0.148974 -0.206054 
2.513330 0.002731 -0.392466 
2.578741 -0.076720 -0.394276 
-2.308086 -0.036149 -0.634513 
2.411434 0.012190 -0.120227 
2.602424 -0.129517 -0.343009 
-2.402460 0.037209 -0.504244 
2.393251 0.063317 -0.185728 
-2.324383 -0.155676 -0.213292 
2.560935 -0.155723 -0.284329 
-2.372361 0.034918 -0.630513 
-2.222011 -0.131355 -0.687785 
1.681970 -0.075331 0.766648 
-2.211204 -0.146700 -0.847331 
2.350805 0.025672 -0.104352 
2.269971 0.069093 -0.199059 
-2.402061 0.060066 -0.597367 
-2.283813 -0.051451 -0.640475 
-2.246855 -0.093887 -0.674115 
-2.233415 0.064222 -0.930204 
2.552925 -0.158155 -0.279799 
2.534162 -0.162829 -0.238855 
2.463694 -0.077559 -0.102486 
2.513149 -0.032807 -0.409732 
-2.580624 -0.131567 -0.200005 
-2.405804 0.044274 -0.486858 
-2.256821 -0.079373 -0.661256 
-2.227510 -0.109034 -0.682434 
2.542866 -0.067144 -0.405041 
-2.376353 -0.148209 -0.194810 
-2.211711 -0.145408 -0.683784 
-2.209777 -0.142886 -0.675870 
-2.223633 -0.039100 -0.968023 
2.560373 -0.100621 -0.383067 
2.404658 0.069678 -0.282454 
-2.293933 -0.158055 -0.274596 
2.365139 0.071205 -0.224333 
-2.397953 0.045706 -0.459017 
2.545468 -0.151647 -0.328869 
1.628102 -0.056072 0.778219 
-2.308032 -0.145523 -0.202578 
2.476809 -0.122824 -0.135645 
-2.383653 0.025880 -0.416619 
-2.195875 -0.151302 -0.708849 
-2.169441 -0.147380 -0.837769 
2.446521 -0.091320 -0.111233 
-2.199089 -0.146192 -0.883971 
2.274116 0.073920 -0.226070 
-2.398128 0.047558 -0.458890 
-2.172214 -0.147532 -0.839265 
2.451911 0.004773 -0.390855 
2.464576 -0.005416 -0.397170 
1.696686 -0.118104 0.735648 
2.522968 -0.085831 -0.395664 
-2.191036 -0.147080 -0.882765 
-2.447186 -0.157096 -0.169639 
-2.383665 0.078509 -0.629864 
-2.222142 -0.074667 -0.953467 
-2.334080 -0.113498 -0.196428 
2.487181 -0.159077 -0.198806 
-2.278800 -0.121676 -0.327526 
-2.344598 0.046023 -0.635169 
-2.355287 0.059161 -0.638526 
-2.194374 -0.148713 -0.664648 
-2.403600 0.061773 -0.470705 
2.492763 -0.064614 -0.406485 
-2.177896 -0.150355 -0.738344 
-2.222126 0.072267 -0.952799 
2.513823 -0.145964 -0.341104 
2.309991 0.070194 -0.261322 
-2.168141 -0.149328 -0.764191 
-2.220295 0.095041 -0.947088 
2.239876 0.074206 -0.263863 
2.402587 0.020573 -0.379050 
2.431993 -0.008183 -0.397832 
2.514051 -0.139299 -0.350896 
2.438365 -0.015626 -0.401307 
-2.184543 -0.151855 -0.681462 
2.466924 -0.161107 -0.223872 
2.389266 0.028890 -0.372437 
-2.394956 0.104352 -0.627527 
2.381679 0.036221 -0.366854 
2.212520 -0.136053 0.174219 
2.446563 -0.147960 -0.164433 
2.372302 0.042436 -0.359306 
2.463357 -0.166091 -0.287822 
2.455240 -0.165003 -0.262595 
-2.440830 -0.157986 -0.146030 
2.479577 -0.148630 -0.335004 
2.355922 -0.065072 -0.074948 
2.477400 -0.097384 -0.388497 
2.285164 -0.001061 0.211333 
2.468824 -0.091112 -0.392026 
2.314406 0.032680 0.169328 
-2.483745 -0.116159 -0.154907 
-2.368141 0.092583 -0.641138 
-2.320213 0.037616 -0.629572 
2.341770 0.052033 -0.348594 
1.555357 -0.043525 0.775740 
-2.203237 -0.041651 -1.000433 
2.347535 0.006655 -0.085218 
2.440042 -0.064117 -0.405457 
-2.396265 0.067760 -0.420577 
-2.181348 -0.130751 -0.624359 
2.273266 0.068096 -0.317798 
1.954335 -0.024722 0.485102 
-2.323646 -0.084185 -0.191907 
1.573612 -0.035928 0.774097 
2.326517 0.047052 -0.355658 
2.335414 0.037481 -0.366209 
1.818361 0.000645 0.580153 
1.814622 -0.000025 0.578424 
-2.267380 -0.156334 -0.213415 
2.308165 0.059261 -0.335300 
1.529089 -0.092378 0.768863 
-2.148570 -0.147237 -0.902849 
-2.213713 -0.127987 -0.945504 
1.640538 -0.075710 0.774323 
1.540591 -0.106463 0.436422 
2.344339 0.016877 -0.381683 
-2.332716 0.073487 -0.637371 
-2.198368 0.032924 -1.008023 
2.443114 -0.108094 -0.380788 
1.624639 -0.143879 0.479511 
2.415298 -0.167621 -0.283089 
2.203359 0.056830 -0.339243 
-2.197991 0.027554 -1.011327 
-2.406982 -0.153277 -0.137857 
-2.326364 0.075218 -0.637336 
2.388993 -0.163359 -0.232865 
2.420691 -0.123056 -0.366753 
2.385926 -0.167698 -0.284301 
-2.161836 -0.126175 -0.600942 
2.361863 -0.053092 -0.410046 
2.380412 -0.168257 -0.280799 
-2.182965 -0.028197 -1.031453 
2.228882 0.037596 -0.362229 
1.520947 -0.078408 0.773569 
2.320801 -0.133957 -0.126489 
-2.305934 -0.074456 -0.190545 
-2.211313 -0.126925 -0.327014 
2.395831 -0.127242 -0.362319 
-2.154436 -0.153131 -0.636211 
2.351947 -0.162376 -0.211326 
-2.127389 -0.125518 -0.860335 
-2.188224 0.025566 -1.025911 
2.229645 0.017620 -0.378884 
2.312882 -0.023369 -0.403937 
2.348782 -0.083566 -0.395546 
2.326887 -0.158763 -0.202587 
-2.494117 -0.100168 -0.130266 
-2.367197 -0.068713 -0.173029 
-2.250056 -0.120816 -0.198242 
-2.239511 -0.154846 -0.209634 
2.329372 -0.166479 -0.257741 
2.231333 -0.006399 -0.393919 
2.306127 0.029588 0.216450 
-2.179837 -0.056355 -1.025676 
-2.199723 -0.132749 -0.325839 
-2.393328 0.103181 -0.400839 
-2.169106 -0.086516 -0.599956 
-2.154943 -0.125169 -0.593261 
2.301822 -0.164609 -0.241789 
2.279413 -0.153409 -0.191462 
-2.396676 0.110027 -0.406955 
-2.118828 -0.139156 -0.713680 
2.281924 -0.063155 -0.404422 
2.297108 -0.167020 -0.256576 
2.158915 -0.027237 -0.405004 
2.292256 -0.167738 -0.264572 
-2.213168 -0.158078 -0.299408 
-2.203992 -0.149858 -0.320371 
-2.126033 -0.126631 -0.741911 
2.163939 -0.043177 -0.412891 
2.263333 -0.070418 -0.401853 
2.139417 -0.043069 -0.411883 
-2.274159 0.052415 -0.637176 
-2.140760 -0.153095 -0.629915 
-2.120997 -0.125991 -0.727802 
-2.124188 -0.125712 -0.736689 
2.182228 -0.059119 -0.406209 
-2.268027 -0.091877 -0.193395 
1.609725 -0.014954 0.769559 
-2.421400 -0.154627 -0.095091 
2.176039 -0.060854 -0.407021 
-2.177339 0.061259 -1.024372 
2.277389 -0.149906 -0.331900 
-2.235170 -0.128056 -0.199611 
2.253983 -0.166719 -0.301226 
2.263676 -0.137910 -0.347544 
2.237073 -0.104401 -0.379721 
-2.356053 0.058459 -0.346513 
2.237945 -0.151307 -0.329493 
2.151021 -0.103247 -0.380594 
2.325235 0.032913 0.156373 
2.187769 -0.116863 -0.368902 
2.194587 -0.128879 -0.356412 
-2.498309 -0.070511 -0.132422 
-2.115004 -0.152023 -0.660713 
1.860125 0.026521 0.607872 
1.830274 0.004621 0.595947 
1.599690 -0.105083 0.765757 
-2.110250 -0.107358 -0.893045 
-2.117775 -0.106564 -0.732670 
1.049841 0.055867 -0.149851 
1.037041 0.031136 -0.124146 
1.006530 0.078303 -0.189413 
1.007347 0.083435 -0.212803 
1.051874 -0.020574 -0.096672 
0.994946 0.045944 -0.139301 
-2.173493 -0.142990 -0.985956 
0.981002 0.076744 -0.185825 
1.010025 0.016255 -0.112885 
0.991499 0.086292 -0.237921 
-2.126902 -0.111595 -0.560193 
-2.165194 0.059171 -1.037437 
-2.194241 -0.160145 -0.253806 
1.085551 -0.107602 -0.127822 
-2.489392 -0.157680 -0.080783 
1.006036 -0.018357 -0.096788 
2.327724 0.032355 0.180092 
0.994814 -0.010309 -0.100787 
0.970923 0.086274 -0.252089 
1.061677 -0.129260 -0.152130 
0.970099 0.014127 -0.111277 
0.956790 0.086143 -0.246818 
1.937831 -0.143188 0.501196 
-2.228352 0.020862 -0.648519 
1.610074 -0.108961 0.764530 
1.050219 -0.104387 -0.124124 
1.645256 -0.112033 0.764629 
0.918318 0.063937 -0.158781 
-2.172333 -0.112903 -0.329082 
1.558688 -0.003821 0.766939 
0.926578 0.040603 -0.131519 
-2.114728 -0.155057 -0.620909 
0.935048 0.018139 -0.112614 
0.926441 0.086768 -0.255074 
0.918859 0.085502 -0.227320 
1.026556 -0.138283 -0.168600 
1.024186 -0.116600 -0.136565 
0.967316 -0.037843 -0.090319 
-2.435028 -0.156113 -0.059285 
-2.554255 -0.138209 -0.093713 
-2.277218 0.106884 -0.644577 
-2.123031 -0.060724 -0.792608 
0.889617 0.085691 -0.227111 
-2.201368 -0.121235 -0.198287 
0.998847 -0.140634 -0.172603 
0.894422 0.085832 -0.231461 
-2.442266 -0.158122 -0.058383 
-2.117531 -0.093081 -0.545095 
0.985054 -0.093317 -0.116745 
-2.084635 -0.100494 -0.928627 
0.897212 0.085513 -0.286358 
0.991881 -0.155904 -0.232023 
0.954670 -0.061793 -0.101134 
-2.127365 -0.042623 -1.078931 
-2.225950 -0.093263 -0.193378 
0.989817 -0.107643 -0.126513 
-2.202404 -0.046299 -0.340132 
0.939088 -0.047071 -0.091922 
0.889744 0.087281 -0.271664 
0.989129 -0.155954 -0.261800 
0.979875 -0.138734 -0.169498 
-2.157460 -0.102501 -1.039035 
0.888825 0.000148 -0.103006 
-2.214589 0.040288 -0.640808 
1.864879 0.026622 0.614569 
0.899508 0.059050 -0.351652 
-2.240625 -0.066734 -0.188399 
0.971242 -0.156237 -0.265749 
0.949505 -0.092121 -0.115784 
1.685834 0.028452 0.596868 
-2.102591 -0.146691 -0.545108 
-2.103540 -0.151538 -0.556645 
-2.129382 0.032146 -1.078124 
-2.125996 -0.052882 -1.077844 
-2.362847 0.104304 -0.334184 
-2.491399 -0.159079 -0.056857 
-2.559997 -0.148449 -0.087997 
-2.398498 -0.081791 -0.096889 
-2.396547 -0.074794 -0.099308 
0.899433 0.034459 -0.377065 
-2.148472 -0.144346 -1.014737 
-2.255005 -0.045843 -0.184480 
0.812413 0.083861 -0.204567 
-2.156478 -0.160437 -0.295309 
-2.534485 -0.076566 -0.104338 
0.933637 -0.143435 -0.180447 
-2.089974 -0.154237 -0.608656 
-2.103321 -0.085019 -0.712842 
-2.107971 -0.064355 -0.730822 
-2.114108 -0.054924 -0.750668 
-2.119802 -0.038646 -0.807279 
-2.052048 -0.146144 -0.984926 
-2.214322 -0.084382 -0.191559 
-2.179781 -0.131756 -0.199439 
-2.341328 0.108466 -0.321908 
-2.212478 0.055856 -0.643967 
0.826525 0.086010 -0.289245 
0.824517 0.084843 -0.296564 
0.927274 -0.154035 -0.218347 
0.904656 -0.084097 -0.111661 
0.795145 0.084677 -0.208982 
0.891765 0.023169 -0.384933 
-2.122354 -0.145615 -1.012183 
0.931004 -0.154820 -0.284499 
0.931236 -0.156116 -0.244535 
0.912000 -0.147474 -0.192098 
0.795484 0.042528 -0.132967 
-2.075742 -0.083042 -0.932258 
0.825230 -0.006868 -0.100915 
0.796440 0.021913 -0.116233 
-2.504646 -0.158395 -0.047327 
0.898606 -0.104214 -0.125034 
-2.383974 -0.048036 -0.115858 
0.931967 -0.141332 -0.335132 
1.641173 0.029356 0.595978 
0.785626 0.087212 -0.269765 
-2.090708 -0.149283 -0.534119 
-2.070065 -0.152828 -0.630497 
1.523584 -0.107384 0.435980 
0.796024 0.007812 -0.106941 
1.893045 -0.146564 0.532914 
-2.118491 -0.144892 -1.020385 
0.890131 -0.151183 -0.206670 
1.612888 -0.144967 0.498428 
-2.085313 -0.155839 -0.564397 
0.900868 -0.154566 -0.286562 
2.238830 -0.136992 0.175177 
-2.096773 -0.038207 -0.890314 
2.299821 -0.133766 -0.090305 
-2.075593 -0.067039 -0.928904 
0.773310 0.085372 -0.295247 
0.855142 -0.004060 -0.401429 
-2.084792 -0.052683 -0.915171 
-2.088840 -0.105876 -0.516058 
0.826038 -0.069878 -0.105165 
0.772287 -0.006693 -0.101105 
-2.316016 0.101633 -0.320549 
0.782467 0.062047 -0.346935 
0.787130 0.058223 -0.351421 
0.747198 0.088046 -0.269121 
-2.148764 -0.160571 -0.230113 
-2.075876 -0.125665 -0.505874 
0.731329 0.088081 -0.256327 
0.865556 -0.152301 -0.300767 
-2.146887 -0.156072 -0.208951 
-2.213619 0.087297 -0.656014 
-2.161804 -0.113759 -0.196538 
2.259112 -0.138957 0.083731 
-2.317989 0.108490 -0.319486 
0.747242 0.067694 -0.339792 
0.750883 -0.010218 -0.099298 
0.755900 0.054630 -0.357085 
-2.275858 0.064120 -0.326936 
0.827658 -0.154764 -0.235049 
-2.127607 -0.161000 -0.277289 
-2.148616 -0.052830 -0.338675 
-2.068963 -0.147731 -0.506003 
0.799797 -0.005343 -0.402403 
0.821749 -0.039044 -0.418059 
-2.096852 -0.123404 -0.327736 
0.671106 0.070535 -0.168469 
-2.273551 0.065804 -0.326518 
1.985120 0.003234 0.528515 
-2.495852 -0.158045 -0.015961 
0.813210 -0.154165 -0.223601 
-2.056629 -0.154252 -0.587548 
-2.080991 0.032840 -1.107751 
1.605378 -0.134988 0.757851 
-2.069289 -0.039431 -0.927477 
-2.103119 -0.002546 -0.806581 
0.772261 -0.081641 -0.111438 
1.854674 -0.145414 0.536965 
-2.045540 -0.146029 -1.033701 
0.813292 -0.153455 -0.292983 
0.650120 0.074469 -0.174668 
-2.066483 -0.042321 -0.930521 
-2.100121 -0.011850 -0.748814 
0.654393 0.058820 -0.150365 
-2.080692 -0.144383 -1.047102 
-2.208059 0.106649 -0.653600 
1.649748 -0.148406 0.672926 
-2.118699 -0.161435 -0.238724 
-2.426618 -0.136371 -0.001856 
-2.027161 -0.127443 -0.612020 
-2.090003 -0.024553 -0.715051 
-1.992551 -0.126469 -0.986012 
0.778310 -0.142903 -0.182378 
-2.103642 -0.144328 -1.059046 
0.696095 -0.026174 -0.091821 
1.640998 0.027914 0.667920 
-2.121605 -0.129829 -0.198696 
-2.120247 -0.158154 -0.213065 
0.658516 0.023365 -0.114592 
-2.046125 -0.155118 -0.569770 
-2.090808 0.005848 -0.865667 
-1.986848 -0.144215 -0.997414 
0.677439 0.071951 -0.333483 
-2.052130 -0.122537 -0.478904 
-2.057641 -0.100254 -0.480727 
1.698717 0.014929 0.600404 
0.682801 -0.025874 -0.092486 
0.642023 0.031354 -0.121039 
0.616502 0.077425 -0.180148 
1.519114 0.026815 0.747374 
0.790001 -0.143771 -0.327485 
0.762115 -0.152735 -0.217440 
-2.096792 -0.160578 -0.283220 
-2.189615 0.096300 -0.622135 
-2.093083 0.018553 -0.873430 
0.631980 0.090707 -0.247312 
-2.010387 -0.146219 -1.050922 
-2.048118 -0.157101 -0.512183 
0.730087 -0.099696 -0.121591 
-2.029742 -0.100075 -0.622765 
0.727031 -0.102049 -0.124073 
2.143130 -0.094936 0.194588 
-2.245558 0.065353 -0.326462 
2.338762 0.031578 0.191570 
0.779104 -0.141311 -0.335162 
-2.006256 -0.087995 -0.975817 
-2.062253 0.079824 -1.103861 
1.471088 -0.069263 0.771148 
-2.463289 -0.160073 0.020992 
0.713363 -0.002408 -0.400537 
-2.048145 -0.018287 -0.935943 
-2.033280 -0.144557 -1.065298 
-2.073956 -0.100231 -1.100510 
0.783130 -0.097708 -0.391210 
0.773262 -0.083794 -0.400043 
0.734461 -0.155993 -0.229060 
0.664901 -0.049831 -0.094006 
1.535856 0.026621 0.747349 
-2.033005 -0.099816 -0.453880 
0.632239 0.068766 -0.339308 
-2.130610 -0.091936 -0.192825 
0.603413 0.022601 -0.114625 
-2.215760 0.048541 -0.329978 
0.766586 -0.091537 -0.395009 
0.721510 -0.150329 -0.207724 
-2.081561 0.024605 -0.898001 
-2.268312 0.112844 -0.318042 
-2.200615 0.039457 -0.331987 
-2.146615 0.056889 -0.565841 
2.279628 -0.137950 0.031936 
-2.117630 0.045961 -0.829455 
-2.079864 -0.161424 -0.248572 
-2.101487 -0.047955 -0.340343 
-2.069495 -0.002248 -0.699102 
0.600515 0.001524 -0.103395 
-2.412568 -0.066925 -0.011396 
0.708141 -0.151698 -0.228951 
0.644905 -0.055336 -0.097411 
-2.051359 -0.027652 -0.666866 
-2.083487 0.011797 -0.717572 
-2.100864 0.040885 -0.875967 
0.714149 -0.152256 -0.268516 
0.698828 -0.146728 -0.189924 
-2.054582 -0.144123 -1.085505 
0.699560 -0.037955 -0.418668 
-2.125844 0.051425 -0.543989 
0.194381 0.081319 -0.185775 
0.280127 0.079961 -0.195674 
0.287557 0.077882 -0.193048 
-2.050298 -0.019253 -0.670113 
0.166945 0.092033 -0.250427 
-2.021113 -0.060923 -0.623447 
-2.110761 0.041716 -0.742976 
-2.121202 0.050656 -0.769737 
-2.074789 0.034690 -0.911498 
-2.147367 -0.044306 -0.181773 
0.604658 0.058255 -0.347375 
0.564978 0.086833 -0.241028 
2.285550 -0.137640 0.012152 
2.298881 -0.135802 -0.042080 
0.576474 0.083594 -0.293923 
0.121698 0.067384 -0.157842 
0.282971 0.089461 -0.233552 
0.537329 0.082056 -0.190270 
-2.238306 0.122758 -0.315009 
-2.192666 0.061275 -0.327069 
0.020183 0.054806 -0.138805 
-2.456960 -0.161557 0.057439 
0.568016 0.080583 -0.295804 
0.483478 0.069473 -0.174920 
0.678123 -0.153910 -0.231950 
1.832524 0.005070 0.620324 
-2.413698 -0.100755 0.048212 
0.420735 0.082239 -0.212306 
0.557389 0.081135 -0.287673 
-2.051846 -0.162261 -0.236554 
-0.043755 0.040030 -0.123255 
-2.412615 -0.102075 0.057136 
-2.088992 0.032320 -0.699966 
0.463763 0.080446 -0.209185 
0.252003 0.068891 -0.164126 
1.667507 -0.145386 0.524081 
0.426220 0.068120 -0.172682 
0.499358 0.081235 -0.204563 
0.192245 0.063867 -0.153925 
0.255385 0.068978 -0.164806 
-2.121303 0.083423 -0.546660 
0.527315 0.085133 -0.216496 
0.665797 -0.049353 -0.413436 
1.516518 -0.147786 0.720073 
1.519667 -0.147514 0.721412 
-2.115380 0.092572 -0.868282 
0.196002 0.063062 -0.152909 
-2.150369 0.040495 -0.329869 
0.541525 0.082375 -0.275122 
-1.990260 -0.093909 -0.406573 
0.198043 0.059355 -0.147913 
0.662238 -0.140085 -0.177987 
0.619462 0.004154 -0.394686 
0.696133 -0.133768 -0.345964 
0.332253 0.062504 -0.163437 
0.289972 0.087987 -0.265588 
0.662288 -0.151902 -0.280591 
-2.015400 -0.025113 -0.628771 
-2.090502 0.098124 -0.909340 
0.494147 0.055936 -0.149866 
0.456301 0.084442 -0.227976 
1.723137 -0.146033 0.531516 
-0.040016 0.019365 -0.108974 
1.533579 0.027123 0.726564 
1.608311 0.028135 0.678175 
0.376672 0.085871 -0.245221 
0.562582 0.048657 -0.358057 
1.447104 -0.079063 0.749734 
0.009106 0.020669 -0.111170 
-2.109997 0.095969 -0.538140 
-2.106468 0.088355 -0.532877 
-1.982910 -0.091476 -0.398083 
0.389784 0.085133 -0.246317 
-2.399097 -0.026898 0.023732 
0.264766 0.055581 -0.147484 
-0.018529 0.016222 -0.108367 
0.293255 0.055621 -0.149960 
1.494074 0.027641 0.716683 
-2.101784 0.010335 -0.506321 
0.517659 0.012648 -0.108256 
-2.088122 0.064513 -0.690360 
1.952608 -0.124083 0.507620 
0.638618 -0.152041 -0.217813 
0.527224 -0.004681 -0.101560 
0.202793 0.088343 -0.301647 
0.436111 0.085474 -0.245236 
0.269027 0.046388 -0.137418 
0.214357 0.087954 -0.302294 
1.865091 0.026736 0.643702 
-0.041787 -0.006636 -0.097146 
0.487760 0.049412 -0.141256 
-2.100368 0.098742 -0.529272 
-1.965639 -0.080964 -0.376065 
0.059428 0.017415 -0.109341 
0.308700 0.050675 -0.144793 
-2.000218 -0.161513 -0.292386 
-1.993834 -0.160104 -0.304045 
0.498413 0.083383 -0.272648 
-2.399611 -0.031714 0.045512 
-1.956334 -0.125907 -0.378633 
0.424940 0.050486 -0.144618 
1.593333 0.027637 0.708054 
0.008885 -0.006079 -0.099455 
0.005261 -0.003446 -0.100431 
-2.091950 0.012499 -0.495488 
-2.014749 -0.050112 -0.339197 
0.584745 -0.006344 -0.399762 
-0.088411 -0.033404 -0.089544 
2.336952 0.028447 0.254647 
0.441976 0.083920 -0.266797 
0.536743 -0.043094 -0.091982 
1.598598 0.027712 0.696142 
-1.997105 -0.151455 -0.201638 
0.661080 -0.129326 -0.349966 
0.583812 -0.012543 -0.402073 
-2.002197 0.012867 -0.614669 
0.093438 0.000673 -0.101787 
0.314733 0.038460 -0.129922 
0.392261 0.041771 -0.134693 
1.614793 -0.148385 0.646885 
-2.086435 0.107707 -0.516950 
-2.001706 0.021114 -0.608619 
0.655015 -0.127319 -0.352136 
-1.967462 -0.151001 -0.322194 
0.488356 0.078072 -0.309709 
0.029673 -0.018684 -0.093329 
1.708350 -0.146022 0.535350 
0.323842 0.034324 -0.126258 
0.478727 0.083046 -0.286346 
0.546367 0.016431 -0.385907 
-2.384059 -0.162010 0.140774 
0.117137 -0.001990 -0.101497 
0.586610 -0.032942 -0.415256 
0.613137 -0.063786 -0.407299 
0.636028 -0.098467 -0.388110 
2.313105 -0.133861 -0.035599 
2.312458 -0.134814 -0.053823 
1.469173 -0.145972 0.700457 
0.611081 -0.152720 -0.267854 
0.599504 -0.153571 -0.230370 
0.602336 -0.135033 -0.168391 
0.576291 -0.111233 -0.135797 
-1.933393 -0.157598 -0.474676 
-2.114094 0.068476 -0.325785 
0.595398 -0.139009 -0.177560 
-1.972843 0.020289 -0.963689 
0.534166 0.021558 -0.382801 
0.124581 -0.004858 -0.100601 
-1.981244 -0.151296 -0.202614 
0.384099 0.028349 -0.120103 
-2.384375 -0.081182 0.113180 
-2.356086 -0.140867 0.132770 
-2.068983 0.011065 -0.468307 
0.612656 -0.078543 -0.399337 
-1.939242 -0.159346 -0.443847 
-1.920442 -0.145539 -0.490114 
0.576595 -0.116211 -0.141748 
0.109216 -0.018025 -0.094148 
-1.941931 -0.147892 -0.368488 
0.289904 0.014168 -0.110003 
-1.976438 -0.158723 -0.207416 
1.516196 -0.147041 0.702664 
-2.069930 0.039643 -0.331366 
-1.933131 -0.130461 -0.342095 
0.522183 0.018221 -0.385573 
-2.053963 0.026842 -0.458769 
0.036114 -0.041976 -0.093494 
-2.381408 -0.057357 0.111679 
0.249582 0.005832 -0.105025 
-2.086364 0.119055 -0.669050 
-2.151972 0.138980 -0.300212 
0.259584 0.005745 -0.105332 
-1.905133 -0.095175 -0.488819 
-1.975943 0.019763 -0.581217 
1.536468 -0.147746 0.703397 
1.445621 -0.040073 0.746200 
0.446381 0.077411 -0.306688 
0.595723 -0.079352 -0.398419 
-0.013625 -0.058362 -0.103227 
0.105595 -0.038828 -0.091813 
0.265427 0.000778 -0.103790 
0.503779 -0.062723 -0.104311 
0.462910 -0.012068 -0.097919 
-1.899565 -0.144873 -0.467177 
-1.982035 0.032771 -0.579918 
-2.052287 0.013324 -0.450991 
-2.045796 0.020728 -0.447358 
-1.903569 -0.151588 -0.465510 
0.319405 0.065660 -0.337134 
-1.913051 -0.137035 -0.324606 
-2.325607 -0.127619 0.127028 
0.401558 0.068410 -0.330817 
-1.884652 -0.133789 -0.455873 
-1.913206 -0.051795 -0.508912 
1.584285 0.028680 0.676209 
0.589024 -0.102362 -0.385487 
-2.342019 -0.086972 0.124012 
-2.344994 -0.165578 0.178751 
0.586494 -0.105667 -0.382283 
-1.951567 0.011209 -0.557431 
-2.352830 -0.059270 0.119370 
0.473720 -0.056812 -0.101399 
-1.930052 -0.157109 -0.281255 
-0.016533 -0.081840 -0.112541 
-2.411946 0.072774 -0.007742 
0.209109 -0.041568 -0.094493 
-1.904090 -0.133452 -0.318036 
0.334571 -0.019509 -0.095645 
0.099262 -0.065512 -0.105877 
0.547505 -0.152626 -0.262410 
-2.390944 0.012982 0.089971 
-1.867837 -0.095356 -0.447620 
0.542349 -0.151188 -0.229149 
1.840396 0.019827 0.648623 
1.827252 -0.025694 0.615110 
-1.893472 -0.058818 -0.484702 
-2.413976 0.079503 -0.013973 
1.552489 0.028427 0.693951 
0.225020 -0.052649 -0.101779 
0.374943 -0.042340 -0.094234 
0.527638 -0.152621 -0.248069 
0.499306 -0.117965 -0.149310 
-1.884598 -0.062438 -0.473939 
2.358013 -0.024140 0.061612 
-1.916872 -0.136302 -0.201997 
0.471556 -0.010382 -0.401248 
1.580525 0.028786 0.655539 
1.573835 0.028869 0.664220 
1.957139 -0.090179 0.446043 
0.409616 0.049162 -0.358240 
0.417267 0.051483 -0.355847 
-1.931249 -0.132340 -0.175602 
-2.418151 0.103609 -0.003403 
-1.993324 0.057226 -0.402844 
1.590902 -0.147641 0.650463 
-2.101929 0.142372 -0.274100 
0.533698 -0.140704 -0.333177 
0.482547 -0.118707 -0.151071 
0.435789 -0.070188 -0.110237 
-1.943972 -0.108250 -0.164952 
-1.944193 -0.099471 -0.168144 
-1.882515 -0.160146 -0.350851 
0.497514 -0.152718 -0.241343 
-1.997335 0.096482 -0.417863 
-2.056796 0.110682 -0.318201 
0.130087 -0.099082 -0.126208 
-2.317361 -0.168261 0.210660 
0.488528 -0.150946 -0.222668 
-2.421625 0.117056 0.033683 
-2.422256 0.116915 0.022483 
0.412208 0.019564 -0.389544 
-2.010966 0.128600 -0.440200 
0.135835 -0.106277 -0.132658 
-1.843265 -0.129084 -0.410838 
-1.891327 -0.012727 -0.499313 
-2.281858 -0.101624 0.123292 
0.506286 -0.135993 -0.336135 
-2.269947 -0.134140 0.133103 
0.358921 0.015331 -0.389456 
0.465394 -0.064584 -0.406064 
0.245474 -0.104210 -0.131811 
-2.306422 -0.166430 0.237622 
-2.008242 0.125835 -0.578444 
0.049643 -0.127396 -0.162111 
-1.890143 -0.000556 -0.497895 
2.351489 0.027475 0.272441 
-1.952992 -0.137796 -0.148062 
-2.280838 -0.082800 0.119499 
-1.886210 -0.148760 -0.215069 
-2.066228 0.137806 -0.305138 
0.269147 -0.111415 -0.139817 
0.116130 -0.128113 -0.163408 
0.444800 -0.151984 -0.258756 
-1.847559 -0.062068 -0.433222 
0.470640 -0.114105 -0.368940 
0.436316 -0.145329 -0.197008 
0.197368 -0.123578 -0.157277 
0.442611 -0.085554 -0.394849 
0.447034 -0.094801 -0.387889 
0.181072 -0.127497 -0.162716 
0.419311 -0.138711 -0.178519 
0.236624 -0.126223 -0.161317 
0.065138 -0.139009 -0.185070 
-1.986125 0.020104 -0.384839 
1.706490 -0.145425 0.549063 
0.148264 -0.133732 -0.173856 
1.490063 -0.147589 0.669270 
0.089829 -0.140627 -0.188382 
0.152822 -0.135414 -0.177593 
0.256771 -0.129936 -0.166338 
1.571558 -0.145487 0.538142 
0.226596 -0.133655 -0.174515 
-2.043861 0.129247 -0.312390 
-2.022343 0.102986 -0.319904 
-2.280111 -0.055556 0.115442 
0.213019 -0.137142 -0.181561 
-2.251329 -0.134351 0.148564 
0.423371 -0.106178 -0.376860 
-1.960835 -0.067051 -0.156918 
-2.075714 0.139025 -0.205493 
-2.004662 0.089524 -0.321820 
2.372553 0.032123 0.191713 
0.197692 -0.143264 -0.200048 
0.193689 -0.142437 -0.197587 
-2.397280 0.077391 0.110319 
0.389241 -0.149634 -0.286926 
0.371468 -0.148906 -0.211200 
0.397877 -0.116806 -0.363925 
0.141636 -0.148898 -0.219632 
0.399681 -0.139739 -0.331426 
0.257908 -0.145026 -0.204793 
0.337434 -0.141866 -0.194616 
-1.871801 0.004828 -0.475127 
0.199817 -0.148308 -0.220638 
-1.873177 -0.157102 -0.210942 
-2.407180 0.105342 -0.063754 
-2.403928 0.094324 -0.069609 
1.506618 0.029067 0.660920 
-1.819282 -0.076436 -0.403205 
0.344007 -0.150233 -0.219058 
-1.880512 -0.188446 -0.259235 
-2.062755 0.140169 -0.213028 
0.367188 -0.138948 -0.328102 
-1.961395 -0.153932 -0.131336 
0.348520 -0.142000 -0.322173 
1.905974 -0.147364 0.581757 
0.326818 -0.152729 -0.260781 
0.308194 -0.151507 -0.241802 
0.265822 -0.151334 -0.251913 
0.311267 -0.148994 -0.293676 
-2.018231 0.129328 -0.312746 
0.287815 -0.150549 -0.279836 
0.313147 -0.136752 -0.331514 
2.094987 -0.038543 -0.411442 
2.347165 0.027323 0.288945 
2.070382 -0.015215 -0.398626 
2.362097 -0.043923 0.039548 
2.074744 -0.114851 -0.370668 
2.006294 0.027059 -0.373564 
1.993810 0.039974 -0.361702 
-2.370143 0.011037 -0.134382 
2.065546 -0.058009 -0.407614 
-1.877008 0.034282 -0.461714 
-1.892114 0.051931 -0.472707 
1.976784 0.037921 -0.364212 
-1.859691 -0.162128 -0.181776 
2.050298 -0.048272 -0.412528 
2.034790 -0.029190 -0.407206 
1.447683 0.010540 0.663970 
2.035267 -0.130602 -0.352363 
2.002480 -0.155188 -0.315772 
-1.966247 0.140502 -0.404987 
2.045982 -0.097298 -0.386365 
1.977047 0.012752 -0.383991 
1.960325 0.024526 -0.375452 
2.025661 -0.050972 -0.409386 
-2.339034 0.056888 0.128780 
1.983489 -0.014122 -0.398931 
1.896877 0.077594 -0.293447 
-2.000147 -0.096950 -0.105117 
-1.848805 -0.189752 -0.262086 
1.989938 -0.028468 -0.406212 
1.920218 0.042965 -0.360243 
1.904400 0.053478 -0.347239 
-1.824872 -0.020700 -0.426492 
1.992268 -0.114076 -0.371888 
-2.127889 0.113133 -0.191242 
1.956068 -0.149724 -0.330677 
-2.427429 0.136444 -0.073338 
1.992547 -0.063833 -0.404126 
-1.831907 -0.010838 -0.436262 
-1.867380 -0.162015 -0.108696 
1.977331 -0.054626 -0.407877 
1.953399 -0.036685 -0.410406 
1.969261 -0.114819 -0.372184 
-2.432874 0.135222 0.092944 
-2.486594 0.135775 0.021389 
-2.366597 0.014319 -0.145121 
1.913603 -0.162691 -0.251317 
1.890971 0.034067 -0.369016 
1.910869 0.005781 -0.388749 
-2.424470 0.133303 0.100441 
-2.473385 0.138545 -0.045288 
1.446100 -0.132719 0.647817 
1.935586 -0.036971 -0.411402 
1.828654 0.076863 -0.294483 
1.623793 -0.145932 0.551886 
1.916577 -0.152922 -0.325425 
1.906724 -0.158640 -0.299877 
1.532323 -0.147658 0.651833 
-2.347949 0.095239 0.137222 
1.815690 0.078640 -0.286987 
-1.789814 -0.064294 -0.404513 
-1.866562 0.046768 -0.445406 
1.903440 -0.148809 -0.332365 
1.807582 0.073467 -0.307278 
-2.291519 0.021101 0.118098 
-1.900412 0.097837 -0.469660 
1.869780 -0.163199 -0.261807 
-1.858565 -0.161397 -0.117250 
1.866417 -0.162962 -0.251666 
1.745404 0.053801 -0.156637 
1.471560 0.027889 0.637961 
2.005184 0.024308 0.685646 
1.813090 0.048868 -0.355012 
2.044259 0.026390 0.556633 
1.735029 0.049714 -0.149493 
-2.018442 0.144226 -0.242170 
-2.155492 0.097194 -0.189835 
1.766646 0.079475 -0.249858 
1.848112 0.023997 0.668262 
-1.795720 -0.144022 -0.312962 
1.726489 0.062907 -0.172322 
1.882733 -0.119217 -0.366864 
1.903176 -0.084386 -0.395242 
1.892222 -0.066648 -0.404802 
1.745165 0.079596 -0.242322 
1.728027 0.074910 -0.205877 
-1.991204 0.137403 -0.306891 
1.857429 -0.035885 -0.411402 
1.743513 0.079494 -0.275105 
-1.927480 -0.166175 -0.088631 
-1.835325 -0.154385 -0.151424 
-2.106011 0.076565 -0.187725 
-1.970261 0.123547 -0.315639 
1.839148 -0.148538 -0.330256 
-1.871866 0.070297 -0.445636 
1.829446 -0.150713 -0.326490 
-1.825067 -0.140787 -0.152236 
1.850452 -0.056976 -0.407783 
-1.998068 0.142390 -0.243826 
1.867632 -0.078267 -0.399787 
-2.206912 -0.164946 0.166988 
-2.198218 -0.162940 0.148129 
1.847780 -0.122296 -0.369836 
1.498894 -0.147743 0.633564 
-1.779907 -0.134094 -0.292327 
1.453017 0.019987 0.633399 
-2.200320 -0.164022 0.157343 
1.684384 0.076512 -0.211989 
1.548870 0.030502 0.569223 
1.893125 0.025404 0.677960 
1.773937 -0.000633 -0.393738 
-2.197641 -0.166072 0.168520 
1.666209 0.028758 0.646415 
-1.792181 -0.183407 -0.352111 
1.663856 0.048439 -0.150393 
1.677066 0.023170 -0.124401 
1.845335 -0.091239 -0.391382 
1.780701 -0.006008 -0.396508 
-2.004990 0.141236 -0.210038 
1.664080 0.072260 -0.193334 
-2.388542 0.102595 -0.128207 
1.678989 0.012263 -0.116923 
-1.921637 0.134547 -0.346815 
1.759826 -0.154160 -0.198620 
2.293155 -0.140835 0.174495 
1.651486 0.050863 -0.152962 
1.516023 0.029629 0.618766 
-1.806894 -0.143420 -0.240908 
1.677923 0.004669 -0.112730 
2.333826 -0.120845 -0.007576 
1.787253 -0.030973 -0.409691 
-2.193686 -0.125698 0.110107 
-1.919314 0.142380 -0.372961 
-1.767754 -0.167872 -0.388604 
1.758897 -0.158512 -0.252745 
-1.919763 0.139371 -0.354033 
1.535997 0.029967 0.615258 
1.811486 -0.100638 -0.384579 
-1.966435 0.141209 -0.298088 
1.622515 0.044778 -0.144947 
-1.913502 0.140196 -0.462223 
1.737224 -0.135851 -0.156775 
1.542187 0.030876 0.563818 
1.724179 -0.153027 -0.193008 
1.605287 0.059042 -0.162931 
1.436722 -0.093285 0.648472 
1.702714 0.019352 -0.379810 
1.630074 0.078922 -0.219698 
1.722035 -0.132537 -0.149421 
1.721973 0.000263 -0.394222 
1.685397 0.037925 -0.364436 
1.576465 -0.145545 0.550748 
-1.804836 -0.137179 -0.135700 
-1.765010 -0.133520 -0.251635 
-2.018308 0.101518 -0.187714 
-1.744683 -0.157413 -0.392319 
-1.912633 -0.161169 -0.057990 
-2.228959 0.059646 -0.183628 
1.729918 -0.029028 -0.410089 
-2.258594 0.039169 0.136072 
-2.091264 0.030599 -0.180739 
1.668788 -0.070597 -0.108826 
1.663799 0.034768 -0.367894 
-1.736907 -0.062991 -0.405814 
-1.871268 0.115028 -0.431678 
-1.861192 -0.104551 -0.087776 
1.701968 -0.161266 -0.296356 
1.687105 -0.103929 -0.118692 
1.566166 0.046204 -0.145370 
-1.852053 -0.097989 -0.096124 
1.437709 -0.097587 0.644115 
1.598517 0.080446 -0.247284 
-2.159524 0.035475 -0.181311 
-2.163011 -0.164554 0.111537 
1.540774 -0.146543 0.603015 
-1.769186 -0.186281 -0.315972 
1.731813 -0.122785 -0.369884 
-1.884272 0.138842 -0.432117 
1.681873 -0.123377 -0.138139 
1.664863 0.013431 -0.385280 
1.589694 0.081382 -0.263082 
2.274121 -0.100041 0.201704 
1.641785 -0.066991 -0.106750 
1.652762 0.013553 -0.385219 
2.315524 -0.141542 0.087145 
-2.173565 -0.147246 0.092139 
1.584992 -0.000525 -0.108570 
-1.832409 -0.114042 -0.120436 
-1.758538 -0.166188 -0.301577 
2.397276 0.029644 0.151924 
1.603324 0.060535 -0.335949 
-2.274931 0.077706 0.136022 
-1.756081 -0.188400 -0.368246 
1.681948 -0.153766 -0.319246 
-1.870461 0.130454 -0.425832 
-2.247665 0.041025 -0.181502 
1.669114 -0.035214 -0.411524 
-1.986667 0.112441 -0.192525 
1.664955 -0.146810 0.569123 
1.961759 -0.147280 0.602892 
1.671020 -0.140702 -0.342685 
-2.146143 -0.168147 0.122418 
1.593863 -0.063205 -0.103298 
-1.752854 -0.190457 -0.340145 
-1.820024 0.075485 -0.390921 
-1.794055 -0.165490 -0.145446 
1.626532 -0.148526 -0.182176 
1.631565 -0.135083 -0.158906 
1.701995 -0.096484 -0.388774 
-1.735035 -0.158282 -0.304875 
1.620505 -0.013590 -0.403748 
-1.933439 0.137457 -0.270882 
-2.230455 0.037262 0.149503 
1.619130 -0.141217 -0.168453 
1.968503 -0.085508 0.515100 
-1.693701 -0.124136 -0.388722 
1.616554 -0.123540 -0.142585 
1.545752 -0.040185 -0.092814 
-1.733273 -0.182965 -0.371652 
1.519440 0.079990 -0.287733 
-1.877565 -0.092663 -0.067543 
1.571711 0.029994 -0.376115 
1.540653 0.063376 -0.331745 
-1.735276 -0.165570 -0.307271 
1.470601 0.060523 -0.162377 
1.875425 -0.146925 0.598923 
1.542762 0.056125 -0.343597 
1.590589 -0.098553 -0.120062 
1.576536 -0.086617 -0.113359 
-1.842764 -0.078387 -0.101093 
1.472566 0.065725 -0.170855 
1.659686 -0.089580 -0.393192 
1.653172 -0.082757 -0.398128 
1.598543 -0.133137 -0.155213 
1.463195 0.027784 0.589460 
1.525432 0.031549 0.517141 
1.588866 -0.136803 -0.162375 
-1.709850 -0.138302 -0.305733 
1.581098 -0.160254 -0.231942 
-1.733295 -0.186747 -0.331847 
1.637129 -0.112045 -0.377268 
-1.992018 -0.165603 -0.020402 
1.482798 0.030576 0.586506 
1.526588 -0.064795 -0.102817 
-1.969325 0.100074 -0.190907 
-2.274200 0.040628 -0.181018 
-1.946554 0.122569 -0.194023 
-1.698332 -0.135084 -0.353222 
-2.020279 -0.167118 -0.023909 
1.570671 -0.159380 -0.261285 
1.564382 -0.143642 -0.172232 
-1.702073 -0.132945 -0.293211 
-2.134433 -0.163505 0.071903 
1.519497 -0.074935 -0.107826 
1.545005 -0.149632 -0.186436 
-1.752208 -0.186509 -0.205400 
-2.251343 0.097360 0.158866 
1.522776 -0.145390 0.532606 
1.480472 0.050985 -0.350278 
2.411404 0.027251 0.152934 
1.426817 0.082028 -0.248593 
1.560941 -0.151413 -0.327200 
1.486577 -0.063957 -0.101846 
-2.244328 0.096328 0.163743 
1.585848 -0.096619 -0.391445 
-1.921661 0.121092 -0.227864 
-1.681031 -0.133785 -0.344188 
1.425493 0.082265 -0.256841 
1.444036 -0.021349 -0.097584 
1.396803 0.081037 -0.219792 
-2.109149 -0.117764 0.016833 
1.385514 0.042912 -0.139650 
-1.681327 -0.133616 -0.303297 
-2.269131 0.133398 0.179085 
1.418896 0.078388 -0.299710 
1.495728 0.002371 -0.395162 
1.397455 0.082288 -0.240190 
1.366958 0.071909 -0.181782 
1.543832 -0.065818 -0.405102 
-1.755002 -0.186706 -0.140451 
1.504975 -0.160444 -0.242519 
-2.009287 -0.166830 0.007890 
1.475019 0.001371 -0.395883 
1.390844 0.082242 -0.249153 
1.446565 0.007418 0.578469 
1.509289 -0.160040 -0.279832 
1.397008 0.080792 -0.287879 
-2.241340 0.117905 0.174419 
1.517166 -0.153752 -0.314799 
1.362651 0.080220 -0.207241 
-2.097433 -0.168504 0.049419 
-1.891570 0.109241 -0.207087 
-1.716204 0.031390 -0.398358 
1.374127 0.082195 -0.232038 
-1.687314 -0.135663 -0.199658 
1.506442 0.032406 0.474946 
1.368707 0.082387 -0.234986 
-2.204209 0.088752 0.133419 
-2.097844 -0.166300 0.040604 
-1.874053 0.146169 -0.212617 
-1.873950 0.136331 -0.209890 
-2.177703 0.017679 0.076712 
-2.076604 -0.167161 0.053689 
-1.818533 0.131294 -0.279912 
-1.712106 0.023064 -0.400183 
1.531291 -0.100863 -0.388912 
1.339146 0.024126 -0.120586 
1.371068 0.076242 -0.308822 
1.472915 -0.145127 0.569176 
1.509111 -0.145243 0.528685 
1.315361 0.068046 -0.173411 
1.358804 0.083059 -0.272044 
1.367522 0.077740 -0.304407 
-1.664234 -0.149526 -0.283000 
-2.166844 0.029714 0.068697 
1.484653 -0.150822 -0.324712 
1.512209 -0.109944 -0.383399 
1.370840 0.055682 -0.347954 
-1.850383 0.159413 -0.216879 
-1.595247 -0.094903 -0.425475 
-1.714802 0.061233 -0.392889 
-1.908377 0.131268 -0.169395 
1.458504 -0.052724 -0.413495 
-1.659606 -0.159926 -0.241201 
1.491626 -0.116309 -0.373194 
-1.670389 0.009467 -0.411067 
-1.823908 0.157508 -0.237289 
-1.615695 -0.148840 -0.418479 
2.279492 -0.094661 0.215148 
-1.789624 0.156832 -0.330180 
-1.811932 0.128146 -0.240038 
1.399081 -0.003843 -0.396227 
-1.826332 0.127818 -0.218894 
-2.153951 0.051132 0.061429 
2.384774 -0.042053 0.087745 
1.266896 0.071207 -0.180127 
-1.838443 0.110443 -0.190874 
1.493485 -0.145449 0.531664 
-2.180357 0.130903 0.128619 
1.299534 0.083211 -0.272202 
1.425917 -0.044160 -0.415498 
1.409039 -0.160543 -0.247980 
-1.611517 -0.163434 -0.341894 
1.285392 0.083177 -0.233856 
1.262457 0.037507 -0.132087 
1.381104 -0.013176 -0.401547 
-1.623045 -0.165461 -0.272223 
1.425180 -0.151015 -0.322856 
-1.830262 0.108818 -0.177402 
-1.945241 0.106399 -0.148044 
-1.879613 0.137224 -0.129586 
1.392099 -0.127563 -0.148333 
-1.620370 -0.166394 -0.267877 
-1.620205 -0.165007 -0.291405 
-1.947269 0.097092 -0.147998 
1.491497 -0.145135 0.503870 
1.307783 -0.052999 -0.095066 
1.384721 -0.152773 -0.198060 
2.417293 0.029999 0.167517 
1.365424 -0.015026 -0.404077 
-1.564603 -0.069022 -0.407241 
-1.717374 0.134313 -0.364976 
-1.639698 0.036766 -0.423048 
-2.140148 0.121653 0.068942 
1.378772 -0.161136 -0.250795 
2.017927 -0.129161 0.520511 
1.257983 0.002132 -0.105821 
1.240912 0.030669 -0.124444 
-1.591688 -0.165052 -0.324607 
-1.889115 0.138774 -0.109000 
1.220786 0.072011 -0.179191 
1.470424 0.031722 0.534918 
1.363326 -0.127865 -0.148304 
1.407947 -0.093168 -0.397594 
-2.101549 0.032241 -0.000684 
1.840575 -0.140692 0.613008 
1.391732 -0.144785 -0.337594 
-1.967728 0.101219 -0.124728 
-1.863962 0.133297 -0.101643 
1.237241 0.083340 -0.264161 
-1.649744 0.078861 -0.406788 
1.276193 0.055562 -0.351075 
-2.112412 0.073696 0.023394 
1.358080 -0.160621 -0.259427 
1.315680 -0.090695 -0.114133 
1.292763 -0.064603 -0.102446 
1.465304 -0.143732 0.541885 
-1.560264 -0.098191 -0.361954 
1.363329 -0.157061 -0.297997 
-1.968492 0.133943 -0.102300 
1.340177 -0.155724 -0.208725 
1.211361 0.082518 -0.222423 
1.265949 0.056073 -0.349858 
-1.739673 0.114918 -0.226739 
1.193880 0.076833 -0.195083 
1.353863 -0.157509 -0.296074 
1.220576 0.010054 -0.109231 
1.343640 -0.046614 -0.417283 
1.068014 0.072545 -0.177967 
1.348447 -0.156774 -0.301537 
1.220301 -0.001988 -0.103925 
1.266852 0.037045 -0.373132 
1.348150 -0.056550 -0.415686 
1.216955 0.081698 -0.297211 
-1.560944 -0.107472 -0.341914 
-2.100470 0.078979 0.011893 
1.285261 0.008335 -0.393413 
1.815796 -0.094397 0.576657 
1.640347 -0.146240 0.587320 
1.322976 -0.160559 -0.253449 
1.217006 -0.026997 -0.093883 
-1.717792 0.108637 -0.261256 
1.321898 -0.040835 -0.417152 
1.341791 -0.153197 -0.314555 
1.241902 -0.055523 -0.096781 
2.333739 -0.143160 0.129541 
1.245433 0.029132 -0.380226 
-1.552021 -0.058730 -0.345007 
-1.663574 0.123766 -0.337429 
-1.606157 0.069123 -0.419144 
-1.788147 0.148095 -0.145665 
-1.549278 -0.068459 -0.333381 
1.077071 0.082491 -0.216835 
1.232258 -0.056872 -0.098272 
-1.707270 0.108643 -0.254064 
-1.826528 0.051883 -0.108550 
2.064214 0.024770 0.625004 
1.270760 -0.106985 -0.125306 
1.199317 -0.028237 -0.093033 
-2.081707 0.131793 0.021163 
1.971446 0.023954 0.724660 
-1.697596 0.108280 -0.256358 
1.885084 0.025061 0.707411 
1.216922 0.045621 -0.363768 
1.070007 0.084682 -0.235157 
-2.064179 0.038456 -0.038884 
-1.541898 -0.111143 -0.322859 
-1.698367 0.107657 -0.239522 
-2.004237 0.061742 -0.097288 
-1.997510 0.047791 -0.107835 
-1.977105 0.137543 -0.056636 
1.143159 0.085060 -0.243669 
1.274173 -0.152036 -0.197360 
-2.054760 0.017055 -0.057125 
1.271911 -0.151883 -0.196654 
1.158557 0.082879 -0.293438 
1.197048 -0.060106 -0.099719 
1.216983 -0.084678 -0.111613 
-1.629237 0.134700 -0.396883 
1.105717 0.017067 -0.113600 
-2.011355 0.038967 -0.095612 
1.259078 -0.150170 -0.190439 
-1.530531 -0.132853 -0.310944 
-1.980582 0.137188 -0.040560 
1.170751 0.055124 -0.352267 
-1.569061 0.071296 -0.394568 
-2.005397 0.027781 -0.105623 
-2.023931 0.131979 -0.042171 
-1.632611 0.138866 -0.300422 
-2.025283 0.132782 -0.038527 
-1.509537 -0.054597 -0.332094 
-1.639314 0.138020 -0.281371 
-1.632444 0.138537 -0.287115 
1.259034 -0.159827 -0.266702 
1.242787 -0.150529 -0.193121 
1.303504 -0.120525 -0.373458 
1.289325 -0.102872 -0.388854 
1.035782 0.085179 -0.275361 
1.298726 -0.120991 -0.372666 
-2.034301 0.035321 -0.072518 
1.167619 -0.059437 -0.099918 
-1.563377 0.070559 -0.382522 
-1.567872 0.079732 -0.389062 
1.142899 -0.042812 -0.090613 
1.455678 0.012227 0.467046 
1.240617 -0.159761 -0.264609 
1.201522 -0.110216 -0.129286 
1.111962 0.079849 -0.305290 
1.126733 -0.026727 -0.092337 
-2.023205 0.134674 0.020457 
1.223236 -0.153088 -0.203597 
-1.561515 0.086980 -0.352500 
-1.569736 0.116188 -0.366909 
2.353286 -0.137193 0.088099 
1.195949 -0.017208 -0.409785 
1.214915 -0.144910 -0.179603 
1.111393 0.067179 -0.335063 
1.218145 -0.158623 -0.263556 
2.397174 0.026486 0.293650 
-1.516358 0.032536 -0.325324 
-1.564112 0.104894 -0.330841 
1.120590 -0.044810 -0.091988 
2.358901 -0.090611 0.052908 
-1.832949 -0.155838 -0.753311 
-1.823380 -0.155203 -0.771591 
-1.867731 -0.143670 -0.733667 
-1.815711 -0.154942 -0.708809 
-1.794374 -0.156296 -0.721303 
2.060863 -0.010368 0.527331 
-1.849178 -0.107182 -0.693712 
1.185181 -0.152625 -0.201190 
1.234386 -0.117659 -0.376879 
1.194868 -0.158071 -0.290544 
-1.827950 -0.079859 -0.673356 
1.476462 -0.035734 0.441348 
-1.802683 -0.065050 -0.657855 
1.098929 0.041675 -0.367812 
0.973165 0.059577 -0.348701 
1.199809 -0.147966 -0.325265 
-2.557228 0.122677 -0.191770 
-2.531576 0.104719 -0.190183 
-2.552368 0.077935 -0.186259 
1.131650 -0.010429 -0.403917 
1.179412 -0.159290 -0.274027 
1.168855 -0.159288 -0.247030 
1.209731 -0.126313 -0.369110 
1.157463 -0.158267 -0.233562 
-2.605396 0.072854 -0.160853 
-2.616199 0.088078 -0.179393 
-2.600213 0.070056 -0.151646 
-2.470367 0.126396 -0.168884 
-2.476849 0.113632 -0.159734 
2.014746 -0.149137 0.585350 
1.030058 0.040650 -0.370146 
1.122219 -0.129284 -0.151966 
1.092549 0.001659 -0.396776 
1.014148 0.037770 -0.372569 
-2.493439 0.083775 -0.120420 
1.188175 -0.129024 -0.363880 
1.134735 -0.142592 -0.175759 
1.119813 -0.134784 -0.160779 
1.075276 0.019238 -0.386771 
1.174791 -0.111802 -0.384087 
1.184859 -0.125412 -0.367265 
0.928594 0.039748 -0.371291 
1.128465 -0.152983 -0.205228 
-2.516554 0.014238 -0.108842 
-1.745299 0.072964 -0.655088 
1.136752 -0.146920 -0.328535 
0.912776 0.024439 -0.384014 
1.093239 -0.142331 -0.175314 
-1.802250 0.081977 -0.659166 
-1.784886 0.117490 -0.660890 
-1.788667 0.127908 -0.662479 
-1.798840 0.061800 -0.655069 
-1.836007 0.074355 -0.674103 
-1.859355 0.081292 -0.696258 
0.953741 -0.003733 -0.400676 
-1.856777 0.113738 -0.701246 
1.099221 -0.155859 -0.289283 
-2.519544 0.055922 -0.545498 
-2.546129 0.097305 -0.513518 
-2.550323 0.070085 -0.519856 
0.974945 -0.023374 -0.413154 
1.446029 -0.039172 0.459644 
1.042880 -0.039373 -0.418040 
0.962904 -0.025311 -0.414879 
-3.003362 -0.039192 -0.363744 
0.918048 -0.039242 -0.419191 
-2.981272 0.027225 -0.405376 
1.074609 -0.118115 -0.375161 
-2.994147 0.036956 -0.384266 
1.014350 -0.063933 -0.412392 
1.028686 -0.155171 -0.221674 
0.923672 -0.053959 -0.413438 
-2.998008 0.047245 -0.369876 
0.993598 -0.074543 -0.408054 
1.023461 -0.077539 -0.403651 
1.046929 -0.140453 -0.339038 
-2.967082 -0.082562 -0.344037 
1.437786 -0.060810 0.457201 
0.914358 -0.071163 -0.406868 
-2.946022 -0.008517 -0.449500 
-2.989290 0.064694 -0.368074 
-3.023533 0.013947 -0.335414 
1.016928 -0.089120 -0.398042 
-3.025558 0.015592 -0.328936 
-2.953254 -0.083266 -0.354882 
0.906116 -0.089499 -0.396997 
2.030836 -0.147448 0.560311 
0.985622 -0.106409 -0.386006 
0.994060 -0.119146 -0.371871 
-3.010999 0.049499 -0.339781 
0.955809 -0.146571 -0.323023 
1.864968 0.024735 0.720173 
-2.933633 0.021840 -0.454047 
-3.040903 -0.004575 -0.293735 
-2.096161 -0.082589 0.584804 
-2.123788 -0.159073 0.544486 
-2.086313 0.011472 0.594805 
-2.922008 -0.084035 -0.336262 
-2.996292 -0.081172 -0.303745 
-2.140715 -0.109193 0.545121 
-2.111911 -0.008711 0.584348 
-2.147285 -0.067122 0.551930 
-2.153214 -0.068811 0.549700 
-2.129871 0.072034 0.557630 
-2.161117 -0.103775 0.535195 
-2.896702 -0.080028 -0.335171 
-3.022494 0.055677 -0.289167 
-3.032103 -0.037780 -0.252558 
-2.933438 0.080443 -0.303469 
-2.140489 0.037302 0.554105 
-2.154321 -0.035347 0.557051 
-2.153559 0.066545 0.534492 
-2.914975 0.080944 -0.418982 
-2.882375 0.056759 -0.468044 
-2.877870 0.049174 -0.473863 
2.356298 -0.106392 0.660608 
-2.149827 0.022765 0.551154 
2.358775 -0.121441 0.654134 
-2.185553 -0.081001 0.513472 
-2.895635 0.074373 -0.448560 
-2.864272 -0.084047 -0.398138 
-2.162344 0.018368 0.540584 
-2.884373 -0.067094 -0.333519 
-2.201712 -0.144563 0.466026 
2.379350 -0.149685 0.642736 
-2.202668 -0.059386 0.505433 
-2.948912 0.080560 -0.275220 
-2.195527 0.125438 0.450789 
-2.193200 0.080189 0.486891 
-2.199314 0.120906 0.455126 
-2.913155 0.076086 -0.291167 
-2.217493 -0.111493 0.461773 
2.354009 -0.093386 0.622938 
-2.222300 -0.134282 0.439819 
-2.960585 0.079952 -0.261343 
-2.201987 0.013672 0.500650 
-2.220106 0.086227 0.445590 
2.079768 -0.013773 0.526691 
-2.222618 0.075283 0.443947 
-2.218343 0.062146 0.452616 
-2.217436 0.029990 0.470136 
-2.236347 -0.104233 0.421886 
2.408814 -0.150472 0.625583 
-2.232361 -0.055088 0.449531 
-2.239078 -0.086528 0.424920 
1.700960 -0.000928 0.691971 
-2.820027 -0.083808 -0.432662 
-2.241889 -0.100876 0.407349 
-2.849480 0.082112 -0.444446 
-2.236279 -0.012584 0.458140 
-2.236573 0.010621 0.445700 
-2.237866 0.006992 0.443858 
-2.847882 0.083441 -0.418571 
-2.904981 0.058962 -0.240924 
-3.034447 0.000970 -0.178438 
1.645862 -0.147215 0.609238 
-2.250191 -0.092923 0.381875 
-2.252031 -0.068428 0.397577 
-2.250204 -0.083240 0.387897 
-2.253821 -0.028531 0.418201 
-2.833169 0.083416 -0.440307 
-2.256136 0.041267 0.358460 
-2.996140 0.079557 -0.218208 
-2.315319 -0.168221 0.271125 
-2.266828 -0.017326 0.382535 
-2.307299 -0.117347 0.295490 
-2.274982 -0.010835 0.328836 
-2.938600 0.079263 -0.206325 
-2.351141 -0.111307 0.296883 
-2.333049 -0.069089 0.307198 
-2.365277 -0.067824 0.299959 
-2.296367 0.047704 0.307158 
-2.380084 -0.067343 0.295647 
-2.304149 0.115097 0.299792 
-2.815103 -0.038991 -0.362873 
-2.312737 0.114128 0.301387 
-2.308921 0.069668 0.305965 
-3.000176 -0.066111 -0.164243 
-2.972673 0.078898 -0.187154 
-2.324936 0.105597 0.303789 
-2.349209 0.038885 0.309325 
-2.366879 0.015187 0.311130 
-2.992794 -0.072068 -0.155884 
-2.802077 0.082011 -0.408621 
-2.360116 0.121823 0.293966 
-2.379180 0.131761 0.275833 
-2.393428 0.048286 0.294445 
2.366928 -0.145439 0.595309 
-2.395057 0.094159 0.289432 
-2.892480 0.074875 -0.163215 
-1.051245 0.003559 0.345987 
-1.067895 -0.064444 0.343773 
-1.328396 -0.042729 0.520304 
-1.106732 -0.045393 0.354301 
2.101336 0.025684 0.558267 
-1.340290 -0.029242 0.523093 
-2.827340 -0.054750 -0.156979 
-1.423966 -0.047478 0.493953 
-2.800198 0.059414 -0.368290 
-1.414141 -0.057456 0.497726 
-1.076884 -0.089388 0.339860 
-2.963927 0.082055 -0.149026 
-2.866338 0.039558 -0.171487 
-2.864275 0.060014 -0.160207 
-1.440241 -0.037122 0.484593 
-2.979701 -0.052497 -0.111759 
-1.363253 -0.003940 0.515306 
-2.974032 -0.065488 -0.113907 
-1.406842 -0.069572 0.496375 
-1.071815 0.043001 0.341645 
-2.948194 0.083288 -0.128595 
-2.804541 0.017681 -0.360741 
-1.055764 0.071093 0.334196 
-1.067678 0.051774 0.339335 
1.621824 -0.147381 0.610954 
2.007826 -0.149020 0.650253 
-2.856725 0.076542 -0.123633 
-1.087240 -0.112674 0.334790 
-2.840130 0.031304 -0.155241 
-2.819005 0.017206 -0.151579 
2.354772 -0.129503 0.584400 
-2.964571 0.021534 -0.072354 
-1.414188 -0.091454 0.485342 
-2.841949 0.076410 -0.117134 
-1.056892 0.092202 0.330093 
-2.959924 0.061717 -0.086548 
-2.959792 0.037226 -0.072381 
-1.443709 -0.077963 0.464488 
-2.849129 0.079363 -0.095477 
-2.769205 -0.058642 -0.150144 
-2.898477 -0.090457 -0.081170 
-1.381168 0.034741 0.503244 
-1.373934 0.034537 0.506739 
-1.465183 -0.056470 0.420461 
-2.899609 -0.086941 -0.068038 
2.461485 -0.149311 0.591520 
-1.300467 0.025361 0.502816 
-1.101315 -0.120128 0.333781 
-1.087164 0.066130 0.337438 
-2.943008 0.031844 -0.058593 
-1.106514 -0.118098 0.333777 
-1.109577 0.038393 0.341579 
-2.943563 0.048290 -0.063212 
-2.890127 -0.085577 -0.059098 
-1.404455 0.039504 0.492090 
-1.232125 -0.028934 0.473733 
-2.749939 -0.023169 -0.163013 
-1.068276 -0.168528 0.319324 
-1.097881 -0.133626 0.328729 
2.348002 -0.128214 0.576754 
-2.780201 -0.089969 -0.042499 
-1.168997 -0.033075 0.376993 
-1.331982 0.047380 0.505605 
1.699810 -0.123158 0.619171 
-1.161077 -0.027099 0.356574 
-1.425211 -0.110901 0.469303 
-1.074401 -0.166774 0.320254 
-1.200038 -0.045861 0.430723 
-2.923930 0.047947 -0.048537 
-1.227416 -0.024012 0.468925 
-1.233641 -0.058508 0.465661 
-1.171892 -0.060097 0.348163 
-2.866134 0.077635 -0.045603 
-1.247780 0.005749 0.474886 
-1.457559 0.036504 0.404780 
2.409656 0.018724 0.344731 
-1.174683 -0.068773 0.350641 
-2.902660 0.028872 -0.032393 
-1.442672 -0.105836 0.454082 
-1.406683 -0.129275 0.478305 
-1.414446 0.054939 0.481817 
-2.755614 -0.074163 -0.028514 
-2.702242 -0.068580 -0.180861 
-2.700104 -0.071217 -0.182433 
-2.734618 -0.090643 -0.050862 
-1.118934 -0.136121 0.327002 
2.107908 0.025768 0.557014 
-1.271408 -0.111029 0.478337 
-1.262137 -0.099562 0.475615 
-1.099515 -0.161631 0.323740 
2.090372 -0.015920 0.525498 
-2.726124 0.023948 -0.167045 
-2.719692 -0.091774 -0.075923 
-1.178476 -0.004424 0.376103 
-2.811131 -0.045106 -0.021259 
-2.833740 -0.044724 -0.019818 
-2.693404 -0.030888 -0.214951 
-2.873912 0.033636 -0.021986 
-2.868427 0.029157 -0.018564 
-1.448641 0.061767 0.422871 
-2.814395 -0.029769 -0.015662 
-2.788018 0.048724 -0.011433 
-1.283867 0.070002 0.489475 
-1.452818 -0.131357 0.384823 
-1.133535 -0.144821 0.319596 
-2.693031 0.011298 -0.211766 
-2.791933 -0.015777 -0.010181 
-1.286590 0.078519 0.486952 
-2.665871 -0.091928 -0.193570 
2.424298 0.026748 0.289501 
-1.233601 0.031113 0.460642 
-1.292045 -0.147989 0.480270 
-1.407126 0.097427 0.478281 
-2.705080 0.074753 -0.118492 
-1.280881 -0.143224 0.474754 
-2.675051 -0.064147 -0.247716 
2.376367 -0.148400 0.555542 
-2.792811 0.016180 -0.007486 
-2.666358 -0.090631 -0.125031 
-2.703312 0.076259 -0.075646 
-1.198065 -0.091214 0.113812 
2.103672 0.024920 0.579956 
-2.657889 -0.118084 -0.206618 
-2.691574 0.074808 -0.121783 
-2.690338 -0.019900 -0.265942 
1.901248 0.024150 0.744961 
-1.434334 0.087210 0.448838 
-1.444894 0.096728 0.393802 
-1.263061 0.081840 0.471667 
1.700440 0.000481 0.702344 
2.576504 -0.096955 0.440578 
-1.445046 -0.163048 0.375785 
-2.625493 -0.088752 -0.089336 
-2.674859 0.065603 -0.040866 
-1.130916 -0.180892 0.215290 
-2.613911 -0.081800 -0.127330 
-1.235085 -0.127097 0.442841 
-1.355414 0.120420 0.466651 
-1.220995 -0.071953 0.143547 
-1.440556 -0.174891 0.381830 
-1.210243 -0.132354 0.409811 
2.446970 0.004130 0.147614 
-1.433881 0.113382 0.421128 
-1.431261 0.112731 0.375065 
-2.671969 0.059269 -0.011996 
-1.389524 -0.181864 0.447890 
-1.213188 0.013986 0.135038 
-2.620027 0.072050 -0.136489 
-1.333816 0.119714 0.464305 
-2.588744 -0.073065 -0.096143 
2.093814 0.024348 0.651198 
-2.670868 -0.128402 0.006399 
-1.307090 -0.181629 0.448564 
-2.632522 -0.150387 -0.043044 
-1.205198 0.047633 0.137753 
-2.678920 0.040253 0.002910 
-2.679506 0.052303 0.005737 
-1.378091 0.121085 0.456024 
-1.421654 0.121936 0.378890 
-1.431628 -0.167532 0.358514 
-1.307486 -0.181617 0.448301 
-2.607025 -0.137990 -0.077340 
-2.658630 0.097306 -0.014587 
-2.669915 -0.140001 0.010224 
-1.191997 -0.158263 0.334666 
-2.635008 0.105494 -0.044861 
-1.203936 -0.154357 0.385637 
-1.372347 0.121170 0.449084 
-1.171396 -0.179223 0.147818 
-2.703904 0.000159 0.078116 
-1.412876 0.122203 0.432768 
2.478413 -0.148714 0.553675 
-1.238435 -0.156458 0.437082 
-1.202783 -0.165584 0.373787 
-1.237568 -0.051699 0.164892 
-1.178151 -0.180069 0.153669 
-2.601643 -0.155771 -0.020655 
-2.682198 -0.105275 0.056871 
-2.628551 0.129096 -0.023581 
-2.589531 0.100021 -0.077983 
-1.202308 0.093187 0.392679 
-1.356075 0.121259 0.437032 
-1.401786 0.122436 0.371384 
-1.200213 -0.173299 0.150483 
-1.211149 -0.126561 0.146306 
-2.677108 -0.130709 0.054404 
-1.239195 -0.061642 0.173098 
-2.589866 0.105326 -0.075669 
-1.186892 0.099691 0.306561 
-1.228994 -0.079958 0.172225 
-2.676589 -0.135605 0.061390 
-2.686475 0.047496 0.090196 
-2.633489 0.133463 0.032302 
-1.210804 -0.138937 0.151042 
-1.216032 0.055121 0.166785 
-2.543353 -0.157571 -0.056334 
-2.633082 0.132908 0.039586 
-1.162722 0.124400 0.198668 
-1.283962 0.120712 0.434799 
-2.678561 -0.007064 0.152223 
-1.300378 0.120420 0.428659 
-2.687860 0.018718 0.135085 
-1.262202 -0.048097 0.158653 
-1.388725 -0.181246 0.353921 
-2.662196 0.128374 0.059242 
-1.175059 0.122563 0.253684 
-1.375107 0.069223 0.347426 
-2.684206 0.059792 0.116120 
-1.294785 0.120406 0.424140 
-1.240799 0.117397 0.424491 
-1.217501 -0.133690 0.168904 
-1.376950 -0.181854 0.390275 
-1.197862 -0.178814 0.249556 
-2.575384 -0.134116 0.092399 
-1.202223 0.117768 0.337130 
-1.209122 0.116615 0.370469 
-1.213858 -0.156335 0.173810 
-1.382863 -0.165027 0.336505 
-1.209321 -0.179390 0.270738 
2.477610 -0.148939 0.548187 
-1.214390 0.115771 0.386277 
-2.657918 -0.124474 0.130340 
-1.211354 0.120785 0.341394 
-2.637948 -0.148974 0.128996 
-1.373202 -0.177139 0.349618 
-2.667439 0.107839 0.115346 
-1.223747 -0.180798 0.305980 
1.825254 -0.077314 0.615862 
-1.262111 -0.182000 0.405073 
-2.662302 0.110737 0.121852 
-2.650625 0.045004 0.160915 
-1.194750 0.123365 0.252348 
-2.657749 0.115599 0.124105 
-2.578384 0.113809 0.101390 
-2.625665 -0.057654 0.181765 
-2.577709 0.075870 0.039763 
-2.642089 0.042142 0.175464 
-2.633105 -0.137385 0.152264 
2.356899 -0.142730 0.193697 
-1.210610 0.120765 0.314120 
2.496991 -0.148172 0.543730 
-2.569658 0.080200 0.024775 
-2.615478 -0.031414 0.204565 
2.252532 -0.043268 0.339518 
-2.588311 -0.143161 0.165130 
-2.618681 -0.064718 0.186369 
-2.618305 -0.061577 0.187059 
-2.634185 0.126332 0.135789 
-2.610449 -0.019370 0.211734 
-2.548331 -0.137613 0.169438 
-2.639419 0.116586 0.150114 
-2.553459 0.074593 0.018681 
-1.218490 0.122542 0.304258 
-1.228476 0.121245 0.339365 
-2.553745 0.110442 0.125748 
-2.521698 -0.133940 0.162379 
-1.291745 -0.180712 0.371085 
-2.584607 0.121864 0.150473 
-2.615979 0.058613 0.196359 
-2.587620 -0.081228 0.202168 
-2.602235 0.121373 0.166467 
-1.245727 0.122113 0.326731 
-1.335384 0.098491 0.360623 
-2.581869 -0.067004 0.208799 
-1.259669 -0.178874 0.289679 
-2.468969 -0.161134 0.071176 
1.824799 -0.038562 0.702571 
-2.517992 0.091719 0.040197 
-1.466381 0.012671 0.044045 
-1.322786 0.096982 0.355424 
-1.410549 -0.072687 0.068032 
-2.562438 -0.114597 0.198376 
-2.574158 0.117839 0.174349 
-1.248697 -0.175701 0.206451 
-1.253725 -0.178477 0.243956 
-2.550378 0.114741 0.169333 
-1.292959 0.122384 0.356167 
-1.402683 -0.050510 0.091244 
-2.582288 0.115391 0.182071 
-1.304378 -0.177952 0.343780 
-2.585158 0.112762 0.186545 
-1.428295 -0.113597 0.053094 
-2.480479 0.137367 0.055913 
-1.300673 0.028965 0.164749 
-1.335302 -0.078401 0.147430 
-2.510192 0.105268 0.189968 
-2.499237 0.117130 0.150360 
-2.507427 0.115410 0.072256 
-1.313121 -0.159173 0.336215 
-2.482106 -0.158321 0.158458 
-2.476005 -0.162394 0.141759 
-2.555785 0.037857 0.218621 
-1.315062 -0.132268 0.313021 
-2.541359 -0.049430 0.222871 
-1.404001 0.009685 0.093942 
2.449764 -0.148788 0.532794 
-1.411798 -0.091879 0.082053 
-2.561645 0.075150 0.213488 
-2.498705 -0.079324 0.211925 
2.091827 0.023558 0.703876 
-1.277059 0.122438 0.287614 
-1.300324 -0.180330 0.276650 
-1.278189 0.123857 0.263483 
-2.480572 -0.095742 0.209008 
-2.465061 -0.162861 0.152719 
2.098888 -0.026883 0.520637 
-2.451277 0.136825 0.084429 
-1.503223 0.015198 0.084429 
-1.310256 -0.162811 0.318766 
-1.272010 0.124205 0.217141 
-1.275208 0.124896 0.231138 
-1.412020 0.047511 0.079889 
-2.453161 0.137074 0.094358 
-1.365430 -0.075304 0.144569 
-1.318204 0.053827 0.164763 
-1.280645 0.123371 0.207497 
-1.282675 0.124500 0.245250 
-2.480207 0.098156 0.208801 
-1.312840 -0.174349 0.293108 
-1.380829 -0.058070 0.141358 
-2.449931 -0.163787 0.177189 
-2.466911 0.115368 0.210028 
-2.467105 0.136259 0.122354 
-1.438349 0.075506 0.059783 
-2.517976 0.051545 0.223646 
-2.463400 -0.086341 0.233245 
-1.370561 0.000894 0.145538 
-1.351162 0.012752 0.149987 
-1.293770 0.125236 0.240234 
-2.433514 -0.164739 0.158960 
2.010923 -0.149479 0.683129 
-2.442175 -0.099805 0.251312 
-2.453974 0.135989 0.185689 
-1.308456 -0.166011 0.167658 
-1.419179 0.075892 0.076069 
-1.328443 -0.178197 0.270914 
-2.473610 -0.028037 0.239941 
-2.438792 0.123362 0.239729 
-1.373334 0.016931 0.149369 
2.467704 0.029919 0.177191 
-2.455032 0.070740 0.245507 
-2.414438 -0.162881 0.247308 
2.050086 -0.148549 0.620380 
-1.403429 -0.094864 0.140460 
-1.407061 -0.098936 0.131670 
-1.356112 -0.132058 0.152606 
-2.401957 -0.165659 0.210666 
-1.513875 0.041470 0.108638 
-1.333034 -0.177411 0.214307 
-1.408277 -0.109736 0.132900 
-1.413862 -0.123425 0.120844 
-1.318222 0.111603 0.177409 
-1.473901 0.090567 0.077457 
-1.481592 -0.142316 0.102283 
-1.457679 0.099330 0.089203 
-2.439302 0.038861 0.264650 
-2.343519 -0.166907 0.236359 
-1.491351 -0.142598 0.111339 
-1.331629 0.125491 0.219181 
-2.421839 0.025569 0.277283 
-2.408764 -0.053119 0.287574 
-2.411175 0.002243 0.294521 
-1.395700 -0.123393 0.276896 
-2.419524 0.040668 0.280106 
-1.381270 -0.151756 0.269790 
-1.399035 0.050069 0.149515 
-1.760559 -0.055707 0.128944 
-1.407792 0.063721 0.136587 
2.487921 -0.145683 0.486858 
2.232666 -0.085691 0.670593 
-1.602066 0.145857 -0.796879 
-1.627723 0.147761 -0.797696 
-1.656409 0.147336 -0.777786 
-1.384077 -0.139251 0.152614 
-1.566287 0.147374 -0.838439 
-1.514366 0.145863 -0.774053 
-1.349285 0.111112 0.171160 
-1.659838 0.141127 -0.714847 
-1.501665 0.085058 0.106891 
-1.522955 0.059027 0.127839 
-1.692649 0.147291 -0.750863 
-1.697594 0.145222 -0.699835 
-1.549944 0.019734 0.152943 
-1.608488 0.149333 -0.883992 
-1.785455 0.016599 0.134727 
-1.645308 -0.016472 0.165269 
-1.662135 -0.047456 0.160596 
2.095393 0.023515 0.693524 
-1.709251 0.136472 -0.833958 
-1.580434 0.134946 -0.908982 
-1.392861 -0.150859 0.153526 
2.575047 -0.140722 0.288343 
-1.454214 -0.089604 0.305868 
-1.596222 0.143017 -0.920186 
-1.656965 0.149601 -0.926394 
-1.672319 0.150550 -0.939359 
-1.753822 0.138250 -0.798457 
-1.732529 0.149819 -0.948364 
-1.676435 0.151347 -0.966339 
-1.722955 0.029273 0.143894 
2.295269 -0.147295 0.509347 
1.912422 -0.149565 0.672628 
-1.712442 0.152889 -1.000982 
-1.402616 0.097092 0.281843 
-1.491308 -0.017624 0.350500 
-1.817121 0.149301 -0.784395 
-1.785242 0.151484 -0.980503 
-1.562037 -0.097593 0.172608 
-1.763165 0.153945 -1.039629 
-1.674551 0.013183 0.159872 
-1.747616 0.047100 0.141631 
-1.782448 0.155669 -1.049861 
-1.703501 0.132670 -1.036907 
2.261315 0.026328 0.374047 
-1.508864 -0.030318 0.369123 
-1.758857 0.143488 -1.061692 
-1.693856 -0.099061 0.151853 
-1.406871 -0.178459 0.256751 
-1.507537 -0.143323 0.157811 
-1.509736 0.094860 0.139267 
2.467461 0.014180 0.151489 
-1.783182 0.137895 -1.079718 
-1.844025 0.154459 -1.027977 
-1.736731 0.056344 0.144961 
-1.833420 0.144621 -1.097862 
-1.411812 -0.178608 0.242425 
-1.820724 0.119516 -1.101543 
-1.850004 0.155344 -1.042594 
-1.412993 0.103808 0.285778 
-1.851289 0.131853 -1.108663 
-1.455461 0.048509 0.307331 
-1.902135 0.121431 -0.988375 
-1.887472 0.154675 -1.031277 
2.229426 -0.108441 0.711891 
-1.884969 0.154074 -1.050003 
-1.874816 0.115743 -1.115452 
-1.399100 0.125961 0.199363 
-1.878058 0.130825 -1.114006 
-1.912580 0.149896 -0.996418 
-1.900192 0.152132 -1.103330 
-1.911949 0.139149 -1.115514 
-1.477863 0.024666 0.323842 
-1.689129 0.037510 0.158603 
-1.925992 0.152575 -1.107295 
-1.944368 0.155365 -1.038464 
-1.408248 0.122404 0.272054 
-1.418378 -0.175413 0.198907 
-1.958817 0.156269 -1.042872 
-1.450875 0.072925 0.301575 
-1.630198 0.009453 0.201166 
2.491111 -0.145432 0.472651 
-1.425096 0.110496 0.172739 
-1.560042 -0.037466 0.420271 
-1.988718 0.116627 -1.116817 
-2.008815 0.137310 -1.108642 
-1.691899 0.053245 0.158287 
-1.827938 0.056393 0.155711 
1.644761 -0.147740 0.639022 
-1.764581 -0.146938 0.140113 
-1.789328 -0.138056 0.139825 
2.289868 -0.147172 0.541225 
-2.033515 0.150566 -1.092112 
-2.030953 0.154158 -1.086378 
2.280859 -0.142880 0.558708 
-2.028272 0.098655 -1.111514 
-1.318549 0.147251 -0.949763 
-1.375453 0.145336 -0.884528 
-1.504604 0.098437 0.173186 
-1.402290 0.145741 -0.910752 
-1.798618 0.077848 0.149614 
-1.401123 0.146060 -0.955160 
-1.420958 0.142639 -0.880263 
-1.413803 0.146436 -0.918369 
-1.419373 0.145052 -0.936699 
-2.617647 0.127115 -0.190722 
-1.769025 -0.156776 0.142483 
-1.479011 0.062474 0.319769 
-2.641103 0.140181 -0.242963 
-2.547764 0.143886 -0.231686 
-1.869467 0.099664 0.210675 
2.073846 -0.147879 0.566920 
-2.527563 0.128469 -0.194096 
-1.799727 0.083076 0.150981 
-1.628631 -0.094414 0.205662 
-1.519863 0.022469 0.361332 
-2.652303 0.113941 -0.298535 
-2.612607 0.136210 -0.303196 
-1.508066 -0.123019 0.330331 
-2.601630 0.121239 -0.316938 
-1.747241 0.102311 0.154043 
-1.513587 -0.163974 0.195662 
-1.526599 -0.155255 0.198249 
-1.502161 -0.133091 0.321038 
-1.560447 -0.008496 0.418831 
-2.516221 0.123863 -0.314360 
-1.717075 0.099280 0.158461 
-1.444472 0.125135 0.235044 
-2.452244 0.138757 -0.148455 
-2.427867 0.142355 -0.256672 
-1.623335 -0.109174 0.216239 
1.833063 -0.111470 0.660810 
-2.444935 0.143868 -0.348463 
-2.469483 0.136409 -0.132170 
-1.451141 0.125492 0.241184 
-1.460721 0.118746 0.297636 
-1.510022 0.056232 0.343219 
-1.838874 -0.150063 0.165763 
-2.476494 0.137625 -0.378845 
-1.472671 -0.180083 0.246023 
-2.451505 0.144513 -0.376840 
-1.587745 0.059450 0.218203 
-1.558872 -0.092549 0.390055 
2.441111 0.022042 0.318259 
2.452189 0.027440 0.293710 
-1.731207 0.116925 0.162049 
-2.436859 0.146140 -0.396525 
2.331228 -0.009428 0.575390 
2.424656 -0.078261 0.121123 
-2.348512 0.135651 -0.200093 
-2.343753 0.140042 -0.214966 
-2.501618 0.140907 -0.429096 
-2.337341 0.141662 -0.261661 
-1.590059 -0.132425 0.227656 
-2.517020 0.117690 -0.419296 
-1.740380 0.122835 0.162636 
-2.322266 0.138950 -0.208470 
-1.526601 -0.139535 0.341730 
-2.538974 0.134568 -0.069244 
-2.444772 0.147017 -0.449274 
-2.422840 0.139149 -0.455135 
-2.417863 0.134787 -0.449585 
-2.557616 0.129770 -0.423339 
-1.831435 0.111600 0.168866 
-2.282708 0.142667 -0.285414 
-2.514311 0.147480 -0.476591 
-2.276996 0.140188 -0.299322 
-2.548059 0.147723 -0.456140 
-2.466750 0.148110 -0.482194 
-2.564972 0.147739 -0.453656 
2.229409 -0.099579 0.641143 
-1.592582 0.072770 0.228130 
-1.488145 0.125022 0.215808 
-2.241347 0.138131 -0.303235 
-1.574290 -0.103792 0.408662 
-1.673962 0.113726 0.183375 
-1.722286 -0.173722 0.192866 
-2.561907 0.113865 -0.518310 
-2.422230 0.125997 -0.522680 
-1.540538 -0.142339 0.357053 
-1.564995 -0.122796 0.392674 
-1.494923 0.127136 0.228808 
-2.565909 0.113109 -0.520101 
-1.852709 0.129280 0.280290 
-1.840103 -0.172607 0.246805 
-2.511591 0.117294 -0.523104 
-2.513173 0.107246 -0.525039 
-1.554164 0.104141 0.228098 
-2.460953 0.149237 -0.552929 
-1.517192 -0.175158 0.286950 
-2.418008 0.119512 -0.559022 
-2.597166 0.140417 -0.571023 
-1.828786 -0.173098 0.219571 
-2.506632 0.127256 -0.562989 
-2.454998 0.149200 -0.564857 
-1.518290 -0.178159 0.252477 
-1.659846 0.122744 0.203400 
-1.683684 0.129693 0.203633 
2.412527 0.004513 0.386248 
-2.482535 0.147952 -0.585111 
-1.639887 -0.170197 0.223826 
-1.534114 -0.171410 0.323876 
-2.639043 0.145181 -0.586446 
-1.511781 0.125274 0.280011 
-1.522515 0.115387 0.341919 
-2.409652 0.130438 -0.607878 
-2.406951 0.121598 -0.607860 
-1.807280 -0.174037 0.213624 
-1.647957 -0.174687 0.227303 
2.454794 -0.021817 0.140957 
-1.557848 0.085439 0.389307 
2.422633 -0.085195 0.121577 
-2.657838 0.140103 -0.608862 
-1.812075 0.131383 0.229780 
-2.403412 0.112942 -0.612455 
-1.536492 -0.177959 0.291610 
-2.453989 0.151595 -0.625995 
-2.596161 0.140592 -0.633898 
2.215609 -0.100820 0.751107 
-2.640114 0.134569 -0.647734 
-1.555952 0.117290 0.239750 
-1.574105 0.105864 0.244415 
-2.396574 0.143509 -0.637845 
-1.550068 -0.175627 0.339544 
-2.453328 0.151785 -0.641128 
-2.403861 0.145870 -0.634372 
2.126469 0.024606 0.596252 
-1.553969 0.104235 0.380713 
-2.489296 0.137033 -0.656485 
-1.639670 0.005936 0.506998 
-1.825274 0.129922 0.310472 
-2.633889 0.132258 -0.655989 
-2.619227 0.134297 -0.664655 
-1.641566 0.006879 0.508729 
-1.656999 0.128217 0.228153 
-2.419576 0.150661 -0.652062 
1.946607 0.001027 0.764874 
1.925456 0.006698 0.763798 
-1.600616 0.061822 0.447632 
-2.479039 0.141920 -0.671126 
-1.581678 -0.174582 0.267929 
-1.630112 0.027468 0.489188 
-1.834816 0.108366 0.324918 
-2.541286 0.123084 -0.686879 
-2.373766 0.149401 -0.663906 
2.476100 -0.144065 0.473238 
-1.668692 0.128830 0.232425 
-1.587403 0.085546 0.424855 
-1.667818 0.003623 0.529228 
-2.592148 0.103629 -0.702812 
2.233150 -0.100993 0.586529 
-2.543933 0.102189 -0.710610 
-1.584934 0.096499 0.418307 
-1.632263 0.045248 0.487387 
-1.809810 0.120997 0.316987 
-2.323958 0.151937 -0.706929 
-2.302951 0.151987 -0.711438 
-2.449817 0.125493 -0.737144 
-1.801473 0.127462 0.299463 
-1.783832 0.130020 0.234912 
-1.753993 -0.174394 0.246856 
-1.702377 -0.174302 0.258907 
-2.377646 0.153590 -0.728917 
-1.654088 -0.113667 0.494725 
-2.425819 0.141824 -0.752504 
-1.782652 0.130135 0.246261 
-1.613936 0.120433 0.259334 
-2.302973 0.151583 -0.737430 
-1.753855 0.129747 0.238129 
-2.381182 0.152537 -0.756671 
-2.280718 0.152631 -0.739486 
-1.645095 0.049628 0.500404 
-2.248921 0.150044 -0.707445 
-2.439529 0.105878 -0.757937 
-2.232370 0.144041 -0.697890 
-2.235450 0.147781 -0.707748 
-2.231278 0.145492 -0.701728 
2.416279 -0.013129 0.360301 
-1.644446 0.056802 0.497224 
-2.405052 0.106472 -0.785926 
-1.732910 -0.032860 0.581083 
-2.195118 0.153095 -0.768388 
-2.312711 0.141957 -0.795323 
-2.317761 0.139744 -0.796345 
-1.716105 -0.013764 0.569815 
-1.660156 0.128125 0.267423 
2.215400 -0.122347 0.744420 
-2.168149 0.151522 -0.729074 
-1.597877 -0.176451 0.327250 
-2.169888 0.150439 -0.689181 
2.061264 -0.086068 0.512763 
-1.748613 0.128583 0.263696 
-2.151172 0.150374 -0.756860 
-1.685443 -0.176273 0.293724 
-2.145634 0.147999 -0.805102 
-1.600677 0.123459 0.395399 
2.098462 0.022670 0.731580 
-1.708979 -0.091588 0.543069 
-1.660592 0.068549 0.509069 
-1.617724 -0.177959 0.367451 
-1.740488 -0.018967 0.585636 
-1.779173 -0.142263 0.290680 
-1.645018 -0.175991 0.307545 
-1.601865 0.126448 0.302960 
-2.219135 0.152471 -0.853128 
-2.133489 0.114796 -0.784145 
-2.133064 0.110316 -0.789958 
1.909644 -0.001188 0.765337 
-1.658774 -0.176532 0.313548 
-1.716751 0.032001 0.559348 
-2.182785 0.154955 -0.875194 
-2.130226 0.151654 -0.879881 
-2.175995 0.155136 -0.880684 
-1.670153 0.097139 0.513172 
-1.630554 0.125868 0.308091 
-2.223356 0.137204 -0.914465 
-2.233607 0.115222 -0.905483 
-1.750303 -0.089480 0.572315 
-2.223519 0.132425 -0.919937 
1.698034 -0.128804 0.662455 
1.697260 -0.132322 0.661997 
-1.744296 -0.144640 0.293469 
-2.073558 0.147036 -0.560481 
-2.195100 0.154291 -0.916502 
-2.180677 0.154761 -0.914235 
-1.649355 -0.176938 0.376983 
-1.640603 0.125366 0.369534 
-2.064000 0.136073 -0.634631 
-2.114075 0.152705 -0.913196 
-1.631670 0.125684 0.349677 
-2.050759 0.147793 -0.579607 
-1.674189 -0.176579 0.466961 
-2.052130 0.134063 -0.622148 
-1.713743 0.069847 0.550337 
-2.047800 0.145743 -0.553827 
-2.044436 0.147043 -0.572837 
-1.640633 0.125549 0.342932 
-2.106005 0.154553 -0.936229 
-1.757917 -0.094228 0.575519 
-2.214023 0.119139 -0.951797 
-1.742400 0.049739 0.568748 
-2.207676 0.124864 -0.960489 
-2.205302 0.128605 -0.962819 
-1.670309 -0.177422 0.397935 
-2.035788 0.146741 -0.534676 
-1.654824 0.126149 0.401891 
-2.107425 0.155406 -0.948198 
-1.675271 -0.177094 0.415184 
-1.807125 -0.050945 0.610319 
-2.052922 0.136142 -0.948880 
-1.720543 -0.147997 0.539340 
-1.661901 0.124958 0.386011 
-2.077235 0.154794 -0.970983 
-1.763009 -0.108501 0.574211 
-2.045319 0.116925 -0.953725 
-2.004371 0.146837 -0.504686 
-2.008646 0.144147 -0.474397 
-2.001312 0.146158 -0.524540 
-2.001086 0.145157 -0.486953 
-2.145968 0.153909 -1.002841 
-1.983683 0.144794 -0.486316 
-2.152947 0.143694 -1.020992 
-1.977359 0.145579 -0.512019 
-1.800742 0.007082 0.607303 
-1.711755 0.104454 0.331104 
-1.973454 0.145836 -0.466656 
-1.968068 0.145174 -0.479359 
-2.078774 0.156735 -1.012271 
2.095316 -0.141015 0.525206 
-1.720154 -0.172368 0.529377 
-1.966045 0.145553 -0.469040 
-1.821114 -0.008899 0.618440 
-1.695185 -0.176507 0.382077 
-1.957503 0.143351 -0.440987 
-2.106467 0.153771 -1.046298 
-1.944393 0.144701 -0.449794 
-1.719121 0.124270 0.509543 
-1.730297 0.120055 0.539947 
-1.706451 0.109943 0.351244 
-1.742343 0.119990 0.548346 
-1.723163 -0.161313 0.385156 
-1.754961 -0.171836 0.550570 
1.701898 -0.013789 0.733099 
-1.796958 0.059385 0.596147 
-1.766224 0.145861 -0.681556 
-1.798343 0.059631 0.596610 
-1.817534 0.148844 -0.707292 
-1.719381 -0.103508 0.350327 
-1.832040 0.149598 -0.718346 
-1.820324 -0.104277 0.601157 
-1.733944 0.124780 0.481700 
-1.837059 0.149283 -0.796449 
-1.855725 0.145914 -0.800462 
-2.548781 0.136737 -0.056908 
-2.588511 0.137582 -0.028218 
-0.276395 -0.131197 -0.339727 
-0.248198 -0.126548 -0.347963 
-0.280534 -0.110118 -0.368680 
-0.250697 -0.133107 -0.335059 
-0.234191 -0.134797 -0.332592 
2.190880 -0.101341 0.763696 
-0.220243 -0.120558 -0.357079 
-1.864033 0.005994 0.622857 
-0.222187 -0.113379 -0.366468 
-1.776183 -0.177995 0.520463 
-1.718977 0.091882 0.383729 
-1.759564 0.124107 0.475468 
-1.874430 0.010417 0.627145 
-0.213832 -0.140998 -0.315511 
2.427346 -0.083830 0.123831 
-1.777291 -0.178174 0.504678 
-1.783258 -0.178404 0.515044 
-0.218996 -0.148411 -0.260258 
-0.219705 -0.148753 -0.279274 
-2.039278 -0.042660 0.616775 
-1.740947 0.106253 0.420405 
-1.788224 -0.177977 0.509673 
-0.211597 -0.148598 -0.250449 
-2.063077 -0.036789 0.610018 
-0.318804 -0.048217 -0.411181 
2.003700 -0.019961 0.768195 
-0.282833 -0.052014 -0.410239 
1.828615 -0.091764 0.701656 
-0.180336 -0.078666 -0.398562 
2.014232 -0.149644 0.703342 
-1.878317 0.029784 0.623138 
-0.339540 -0.025761 -0.420065 
-0.166648 -0.071822 -0.402247 
-1.865327 0.057188 0.619956 
-2.005966 0.000682 0.626445 
-2.030061 -0.073264 0.613485 
-1.747546 0.080529 0.419427 
-0.205676 -0.010264 -0.414549 
-1.839730 -0.164438 0.590552 
-2.025801 0.018449 0.618913 
-2.005811 -0.089494 0.617506 
-0.132314 -0.149257 -0.282123 
-0.270868 0.004262 -0.403131 
2.495791 0.030380 0.192844 
-0.195193 -0.002086 -0.408812 
-0.296922 0.014882 -0.398344 
-2.021319 0.028376 0.619178 
-1.814259 -0.176269 0.483561 
-1.809034 -0.171202 0.459161 
2.083226 -0.147771 0.584159 
-1.840991 -0.179134 0.571533 
-0.256033 0.016509 -0.396784 
-0.118490 -0.149961 -0.263554 
-0.083124 -0.122736 -0.356495 
2.070664 -0.014468 0.767160 
-1.837408 -0.178426 0.554355 
-1.743615 0.055772 0.409066 
-1.878016 0.088880 0.616329 
-1.907983 -0.105009 0.619307 
-0.090210 -0.138376 -0.326882 
-2.039683 -0.094891 0.605739 
2.240960 -0.135182 0.570437 
-1.847469 -0.175093 0.582670 
-1.940078 -0.109899 0.619381 
-1.788999 0.094604 0.450191 
1.992933 -0.018916 0.767995 
-1.938641 -0.114364 0.620082 
-1.820984 0.125854 0.521354 
-1.888001 0.075917 0.620934 
-0.303571 0.037260 -0.385183 
-0.100229 -0.150352 -0.248893 
1.833150 -0.113083 0.684286 
-1.861383 -0.173418 0.588795 
-2.086509 -0.087439 0.587370 
-0.068877 -0.095844 -0.386148 
2.388081 0.022597 0.574681 
-0.100973 -0.139477 -0.187375 
-1.815564 -0.156224 0.453293 
-1.831118 0.124925 0.492311 
-0.094424 -0.145825 -0.206877 
-0.085982 -0.060836 -0.406942 
-0.051924 -0.100394 -0.382584 
-1.752959 0.028323 0.411947 
-0.070715 -0.073283 -0.401036 
2.461818 -0.137926 0.451883 
-0.219930 0.048160 -0.375693 
-0.119821 -0.102670 -0.129567 
-0.297225 0.061152 -0.363647 
-2.035141 -0.134170 0.598469 
-1.807098 0.081538 0.455528 
2.260053 -0.146976 0.499453 
-1.825090 -0.137068 0.453639 
2.226415 -0.126475 0.591978 
2.223998 -0.127574 0.629917 
2.496037 0.025267 0.161224 
-2.053740 0.076750 0.598527 
-1.783678 -0.072954 0.426083 
-0.098029 -0.105821 -0.132652 
-1.996681 0.096282 0.613855 
-0.047018 -0.149544 -0.280074 
-1.894122 -0.178665 0.585422 
-1.816478 -0.090069 0.443898 
2.313370 -0.146620 0.455998 
-0.099642 0.014890 -0.397492 
-2.066758 0.089252 0.590776 
-1.896640 0.126840 0.571886 
-0.251012 0.076403 -0.338516 
-0.200037 0.070536 -0.349507 
-0.168166 0.071805 -0.349588 
-1.889928 0.126389 0.535464 
-1.917993 0.122199 0.604445 
-0.036767 -0.150965 -0.244041 
-2.094461 0.091376 0.575087 
-1.854499 -0.132008 0.460403 
-0.096095 0.023221 -0.392387 
-1.888806 0.126138 0.531556 
-1.894042 0.126709 0.538926 
-0.267569 0.080304 -0.327949 
-0.052992 -0.115766 -0.144399 
2.224472 -0.130173 0.600708 
2.224304 -0.129480 0.612369 
-0.098980 -0.065637 -0.106176 
-0.095138 -0.069432 -0.107617 
-1.813010 0.032865 0.447152 
-0.026812 -0.151392 -0.239523 
-1.831359 0.042167 0.456072 
-1.918335 0.124917 0.580528 
-1.928160 0.124403 0.601188 
-2.065329 0.115158 0.584839 
2.424218 -0.122033 0.128289 
-0.136290 0.082360 -0.328645 
-1.869628 -0.127395 0.463307 
-1.976800 -0.179192 0.578040 
0.034380 -0.113646 -0.369468 
0.003993 -0.066495 -0.404848 
-1.840937 0.032623 0.455845 
-0.103822 -0.039586 -0.091789 
-1.909271 0.121479 0.488085 
2.460245 -0.116476 0.441106 
-0.078616 0.037497 -0.382657 
-1.920247 0.125955 0.499981 
-1.940171 0.128363 0.585379 
-0.014274 -0.148970 -0.214724 
-0.052104 -0.091755 -0.119178 
-1.977983 -0.178430 0.562834 
-0.004282 -0.149276 -0.223569 
-1.890220 -0.122095 0.464481 
2.251684 -0.147322 0.516483 
-1.905897 -0.147169 0.467434 
-2.081713 -0.175836 0.540252 
0.007447 -0.145025 -0.206228 
-1.948662 -0.175995 0.544054 
-2.027502 -0.176122 0.542403 
-0.097913 0.075035 -0.340874 
-0.220318 0.094216 -0.290579 
2.127222 0.024022 0.688648 
-2.083189 -0.173795 0.526420 
-1.926393 0.102545 0.480157 
-1.966484 -0.177487 0.542266 
-1.996979 -0.175713 0.540056 
-1.921578 -0.143684 0.466486 
0.065967 -0.113146 -0.369840 
2.518884 0.022715 0.508690 
-1.962184 0.128292 0.533037 
-1.890156 0.047427 0.468257 
2.526882 -0.142251 0.269143 
-0.221326 0.095733 -0.267241 
2.453900 -0.137440 0.450843 
-2.025801 0.128706 0.534238 
-0.203952 0.095248 -0.264826 
-0.204789 0.095579 -0.251347 
-2.058190 -0.176184 0.498154 
-1.938825 -0.122994 0.462568 
-0.057070 0.073476 -0.342566 
2.242264 -0.146837 0.527265 
-2.003383 -0.175907 0.501971 
-1.956771 -0.130027 0.461983 
0.053871 -0.034734 -0.419134 
-0.015234 0.041468 -0.378697 
-2.056103 0.127527 0.502261 
-2.093824 0.127399 0.497245 
0.049236 -0.149828 -0.224221 
-2.132817 -0.173024 0.475165 
-0.147171 0.094061 -0.238179 
-0.040915 0.079420 -0.331725 
0.061817 -0.151213 -0.237570 
-1.938485 -0.076967 0.458907 
-1.969383 0.079235 0.469138 
-2.148487 0.131327 0.454122 
0.071426 -0.150978 -0.238421 
0.076411 -0.151041 -0.238343 
-2.050534 0.127307 0.473682 
-0.049937 0.093936 -0.244407 
2.447540 -0.074134 0.127577 
2.296592 0.022587 0.557105 
-0.183553 0.091735 -0.208317 
-0.092453 0.045683 -0.128821 
-2.262230 0.025345 0.319256 
-2.020679 -0.166461 0.454862 
-2.151144 -0.173036 0.432231 
-0.038480 0.093394 -0.249816 
2.236202 -0.143485 0.563027 
2.164972 0.025723 0.501105 
-2.126008 0.130032 0.429633 
-0.107507 0.053056 -0.136728 
-0.061649 0.046190 -0.130034 
2.197320 -0.147184 0.734645 
-1.961715 0.002153 0.453189 
-0.169835 0.086336 -0.191694 
-2.121160 -0.173553 0.422822 
0.102041 -0.151048 -0.231597 
-1.994828 -0.085405 0.448444 
-2.202542 0.130286 0.394831 
-1.974254 -0.001442 0.446857 
0.141539 -0.138735 -0.327590 
0.142531 -0.061325 -0.407397 
0.115596 -0.029796 -0.419767 
-2.062996 0.112215 0.432874 
-2.057370 -0.147559 0.424850 
-0.118293 0.083437 -0.183652 
-0.153838 0.065969 -0.149477 
-2.139332 0.131746 0.388231 
-2.251403 0.082406 0.331367 
-2.254759 0.073490 0.314739 
-2.263491 -0.073255 0.326166 
-0.107871 0.065991 -0.150773 
-2.113608 0.128147 0.396300 
0.159167 -0.073019 -0.401831 
0.078303 0.023641 -0.390297 
-2.011930 0.038285 0.447193 
-2.103938 0.123176 0.396573 
-2.247968 0.104878 0.337347 
-2.015301 0.029667 0.444406 
2.102605 -0.098120 0.392668 
-2.256142 -0.105841 0.333991 
-2.227062 -0.164097 0.379682 
-2.051967 0.085255 0.432455 
-0.006437 0.089826 -0.206624 
-2.168817 0.131345 0.360497 
-2.178990 0.131923 0.358098 
-2.018899 0.017317 0.440252 
2.077601 -0.149199 0.654013 
-2.250608 -0.128080 0.342943 
0.163798 -0.144089 -0.316813 
0.179486 -0.077506 -0.399648 
2.169305 0.024951 0.532664 
0.179344 -0.141272 -0.323107 
0.070839 0.070631 -0.345991 
0.081290 0.061093 -0.358587 
0.180817 -0.144895 -0.313075 
0.173945 -0.152423 -0.271146 
0.173378 -0.152343 -0.271555 
-2.250193 0.120033 0.298482 
0.184910 -0.039100 -0.417248 
-2.115077 -0.145173 0.359576 
0.066403 0.091213 -0.291610 
0.214483 -0.129506 -0.348359 
-2.088941 -0.105091 0.385590 
-2.258296 0.121061 0.290716 
-2.163298 0.132663 0.313323 
-2.190682 -0.169876 0.318475 
-2.061983 -0.062881 0.407796 
0.226576 -0.137017 -0.332637 
0.224100 -0.057990 -0.409734 
0.109067 0.074559 -0.336795 
0.075969 0.092270 -0.248571 
-2.075418 -0.067909 0.394793 
0.102725 0.082989 -0.323065 
0.248806 -0.121347 -0.361699 
-2.205186 0.132886 0.281083 
2.510519 -0.031888 0.443500 
0.222411 -0.030673 -0.417648 
0.260192 -0.065262 -0.406706 
0.269336 -0.121357 -0.358674 
-2.255570 0.134237 0.247766 
-2.205512 0.132031 0.265981 
-2.162252 -0.169472 0.298721 
0.254377 -0.050822 -0.412196 
-2.159796 0.132312 0.278702 
-2.251736 0.133720 0.248813 
0.287016 -0.093451 -0.389574 
-2.282607 0.134869 0.237127 
-2.281035 0.134982 0.234562 
0.173404 0.048140 -0.371339 
-2.246645 -0.165244 0.279644 
2.230599 -0.035613 0.647939 
0.242437 -0.013791 -0.411344 
2.228511 -0.024644 0.686009 
-2.169848 -0.168450 0.276338 
0.182754 0.065234 -0.351975 
2.141587 0.023324 0.665818 
0.158206 0.090218 -0.291177 
-2.136272 -0.140445 0.280483 
-2.131614 0.100171 0.264070 
-2.246362 0.130715 0.187171 
-2.233729 0.102632 0.172937 
1.907791 -0.027317 0.770803 
-2.111002 0.008375 0.319270 
2.504919 0.023289 0.502514 
1.967945 -0.148581 0.718518 
-2.130784 -0.113436 0.281202 
0.351804 -0.065537 -0.405237 
-2.113886 -0.056919 0.309473 
-2.133211 -0.122257 0.269238 
-2.116514 0.015411 0.299792 
-2.189910 0.132592 0.192746 
2.170419 -0.142379 0.361104 
-2.106939 -0.024472 0.296456 
2.264992 0.000431 0.572644 
-2.134676 -0.147754 0.229229 
-2.111565 -0.032959 0.288836 
-1.106449 0.083450 -0.577116 
-1.128265 0.033659 -0.573637 
-1.113811 0.137540 -0.600675 
-2.212075 -0.168156 0.200767 
-2.116993 0.126959 0.187689 
2.414312 -0.000852 0.412570 
-2.130067 -0.115555 0.242156 
-2.116460 -0.044397 0.283807 
-2.124811 -0.081063 0.260784 
-2.120799 0.022829 0.262874 
-2.119643 0.024412 0.254130 
-1.059070 0.135742 -0.620863 
-2.118700 0.040216 0.238240 
-1.053103 0.102450 -0.650163 
-2.183211 -0.168093 0.174309 
-1.035043 0.034795 -0.633440 
-1.033036 0.025098 -0.636181 
-2.121805 -0.109531 0.214275 
-2.111984 0.034148 0.221541 
-1.086303 -0.159308 -0.597810 
-2.107024 0.039008 0.207734 
-2.134310 -0.167221 0.160027 
-2.108453 0.133079 0.127691 
-0.965822 -0.097685 -0.665191 
-2.114060 -0.075521 0.215977 
-0.975856 -0.067632 -0.669013 
-2.088603 0.072455 0.169003 
-2.076318 0.132296 0.122186 
-0.946175 -0.094236 -0.621066 
-2.090543 0.051914 0.177082 
-0.928933 -0.164492 -0.693569 
-2.094365 -0.024379 0.209468 
-0.917515 -0.165386 -0.654645 
-0.935315 -0.102796 -0.588111 
-0.915989 -0.166020 -0.619001 
-2.065022 0.080541 0.140073 
-0.902390 -0.164010 -0.662970 
-2.080325 0.134254 0.097929 
-0.897838 -0.163503 -0.664723 
-0.895536 -0.143022 -0.703515 
-0.927506 -0.142928 -0.581523 
-0.897195 -0.165986 -0.631335 
-2.081046 0.135130 0.084579 
-2.088299 -0.086980 0.163026 
-2.040896 0.132671 0.089082 
-2.087859 -0.032877 0.185657 
-0.889724 -0.128245 -0.700469 
2.592996 0.020162 0.294152 
-2.074503 -0.161542 0.115045 
-2.063605 0.034010 0.149202 
-2.054927 0.061015 0.132585 
-0.906245 -0.166252 -0.561590 
-0.922347 -0.150004 -0.555979 
-2.058576 0.001185 0.157705 
-2.059544 0.043632 0.142185 
-0.952058 -0.031622 -0.588365 
-2.019316 0.123612 0.083252 
-2.081528 -0.033463 0.174900 
-2.032687 0.134102 0.068616 
-2.054519 -0.159248 0.100515 
-0.866496 -0.162962 -0.579902 
-2.081107 -0.040079 0.170876 
-0.914582 -0.162506 -0.543857 
-0.858539 -0.151385 -0.582681 
2.501304 0.029178 0.224820 
-2.056163 -0.021293 0.154153 
-2.047210 -0.142976 0.101581 
-0.894138 -0.065902 -0.730849 
-2.020943 0.134230 0.055863 
-0.956566 -0.005869 -0.596752 
-2.051190 -0.125555 0.110168 
-0.883341 -0.080781 -0.707302 
-2.062808 -0.056679 0.142864 
-2.049508 -0.099014 0.115474 
-2.034696 0.030999 0.117846 
-2.016030 0.134550 0.044494 
-2.034592 0.010152 0.125943 
-2.007867 0.134622 0.028056 
-1.998044 0.137171 0.003972 
-0.957360 0.001060 -0.609549 
-0.851593 -0.131013 -0.567865 
-1.998421 0.134494 0.028494 
-0.851370 -0.127056 -0.573727 
-1.987479 0.135012 -0.002814 
2.152377 -0.143516 0.388079 
-0.921564 -0.157482 -0.499003 
-0.848325 -0.124982 -0.553884 
1.952771 -0.038086 0.772399 
-1.505697 0.104553 -0.300768 
-0.876096 -0.035138 -0.718146 
2.479944 -0.107747 0.322731 
-0.941121 -0.074902 -0.481970 
-0.863676 -0.158245 -0.485197 
-0.959496 0.019820 -0.627431 
2.412752 0.022588 0.546076 
-0.881143 -0.168236 -0.474690 
-2.005759 -0.035811 0.086461 
-0.850236 -0.048638 -0.649705 
-1.625767 0.137424 -0.233771 
-1.497880 0.105476 -0.257932 
-0.853764 -0.037774 -0.667965 
-1.442380 0.087876 -0.192809 
-1.603010 0.137762 -0.246034 
-0.940964 0.075693 -0.612082 
-0.843216 -0.093052 -0.506421 
-1.928362 0.099822 -0.009949 
-1.990484 -0.033275 0.071063 
-1.948336 0.034602 0.026412 
2.232281 -0.146828 0.474098 
-0.930149 0.061417 -0.545261 
-0.841016 -0.038349 -0.627806 
-1.905617 0.124997 -0.040851 
-0.863324 -0.150587 -0.454135 
-0.939000 0.020512 -0.506997 
-1.963157 -0.103925 0.019806 
-1.782150 0.135329 -0.130845 
-1.637303 0.136555 -0.207974 
-0.893328 0.028054 -0.722353 
-0.929028 0.057696 -0.532322 
-1.662674 0.121199 -0.208998 
-0.960003 0.059420 -0.647041 
-0.887864 0.028162 -0.715256 
-0.834444 -0.028053 -0.607383 
-1.786411 0.107420 -0.124541 
-0.852524 -0.110536 -0.466639 
-1.486854 0.104915 -0.218153 
-1.908965 0.081752 -0.027614 
-1.923214 0.039772 -0.001380 
-0.948420 -0.130925 -0.410478 
-1.445651 0.042940 -0.184859 
-1.495666 0.101992 -0.198871 
-1.789410 0.081182 -0.114121 
-0.951170 -0.127651 -0.405245 
-1.493257 0.087810 -0.191611 
-1.713147 0.142673 -0.178450 
-1.466877 0.051542 -0.185881 
-1.530253 0.105217 -0.208732 
-0.891380 0.053507 -0.710033 
-1.674086 0.108367 -0.184002 
-1.718364 0.151723 -0.152885 
-1.510928 0.088540 -0.192080 
-1.573625 0.127131 -0.149370 
-0.972318 -0.030221 -0.423088 
-1.803386 0.060942 -0.111890 
-1.846310 0.088924 -0.096932 
-1.691892 0.107173 -0.177976 
-0.919042 -0.169731 -0.406467 
-1.523117 0.089033 -0.192404 
-1.580104 0.120258 -0.109252 
-1.575012 0.124364 -0.125932 
-1.792899 0.038169 -0.107451 
-0.926614 0.135706 -0.637915 
-1.664826 0.117279 -0.151553 
-0.973651 -0.141977 -0.388755 
-1.907773 -0.059526 -0.024415 
-0.823959 -0.018864 -0.510279 
-1.550922 0.070868 -0.187167 
-0.929352 0.075394 -0.480573 
-0.920211 0.110537 -0.507790 
2.490177 -0.142208 0.295557 
-1.564346 0.090403 -0.167220 
-0.887593 -0.162758 -0.380667 
2.155722 0.023477 0.634941 
-1.570256 0.097105 -0.117284 
-0.982409 0.092200 -0.688888 
-0.866674 0.048958 -0.657543 
-0.936881 0.130028 -0.736361 
-1.743885 0.049241 -0.108790 
1.982929 -0.148824 0.731963 
-0.844587 0.035996 -0.588525 
-1.758795 0.016390 -0.102883 
-0.904496 0.131872 -0.503998 
-1.559866 0.058726 -0.147465 
-1.760579 0.002604 -0.099478 
-0.828642 -0.019001 -0.456913 
2.190969 -0.148914 0.665769 
-0.933181 0.077237 -0.459654 
-0.888073 0.135469 -0.536729 
-1.837024 0.011558 -0.084300 
-0.850367 -0.056800 -0.425469 
-1.003051 -0.140137 -0.384561 
-1.015437 -0.130041 -0.383034 
-1.533937 0.006611 -0.176074 
-0.879966 0.135284 -0.601137 
-1.735034 0.006741 -0.101817 
-1.017730 -0.035513 -0.406357 
-1.551655 0.015046 -0.154556 
2.502413 -0.010419 0.143830 
2.339730 0.024080 0.524189 
-0.997092 -0.172234 -0.378289 
-0.888043 0.124634 -0.667272 
-0.842475 0.044778 -0.534169 
-1.635495 0.027608 -0.081457 
-1.034351 -0.046978 -0.395767 
-0.871344 0.120441 -0.628361 
-1.646112 0.020625 -0.085226 
-1.525854 -0.046856 -0.184801 
-1.006806 0.000678 -0.398980 
-0.913080 0.129640 -0.477334 
-1.467936 -0.129915 -0.202998 
-0.912469 -0.188396 -0.354157 
-0.944890 0.066341 -0.421899 
-0.917610 0.126335 -0.470498 
-1.552524 -0.047378 -0.125967 
1.862947 -0.147699 0.713996 
-0.870677 0.130501 -0.466121 
-0.860016 0.122084 -0.542567 
-1.563407 -0.091512 -0.122645 
2.427393 -0.140704 0.156777 
-1.542484 -0.091528 -0.192065 
2.206482 0.027335 0.403478 
-1.564928 -0.095957 -0.121160 
-1.511460 -0.137039 -0.260140 
-0.860070 -0.115475 -0.354273 
2.420680 -0.074612 0.398892 
-0.994645 -0.201450 -0.356208 
-0.860586 0.120807 -0.488657 
-0.858329 0.109438 -0.571989 
-1.619460 -0.093251 -0.088574 
-1.716585 -0.069512 -0.114393 
-1.670929 -0.056370 -0.109556 
-1.061419 -0.138055 -0.350126 
2.107431 -0.148414 0.624142 
-1.565328 -0.128152 -0.147649 
-1.576059 -0.125649 -0.116228 
-0.925587 0.122864 -0.438606 
2.294419 -0.145418 0.419310 
-0.969395 0.052501 -0.389816 
-0.882485 0.132438 -0.436585 
-0.856299 0.108372 -0.523976 
-0.842844 -0.134770 -0.318290 
-0.885899 -0.194485 -0.324292 
-1.750590 -0.133316 -0.122476 
-0.973550 0.053164 -0.389120 
-0.902045 0.131854 -0.439528 
-0.803979 -0.064676 -0.403020 
-1.601553 -0.151287 -0.101478 
-1.728122 -0.112826 -0.121183 
-0.932580 0.117732 -0.423248 
-0.855278 0.099864 -0.493507 
-1.628687 -0.158140 -0.102344 
2.219145 0.009061 0.728986 
-0.864531 -0.181931 -0.304158 
-0.818331 0.004549 -0.406432 
-1.643466 -0.164725 -0.117735 
-0.974438 -0.213047 -0.334231 
-1.695593 -0.131882 -0.133203 
-0.946339 0.094537 -0.400957 
2.213420 -0.147454 0.521683 
-0.806748 -0.006850 -0.422163 
2.178190 -0.149084 0.680034 
-1.046441 0.018827 -0.376669 
-1.600649 -0.165162 -0.220474 
-0.889448 -0.201948 -0.310259 
-1.614719 -0.168158 -0.181562 
-1.087994 -0.129550 -0.322808 
-1.686961 -0.136546 -0.170428 
-1.677513 -0.137048 -0.170085 
-1.665317 -0.149687 -0.166197 
-0.774132 -0.021329 -0.426001 
-1.681988 -0.137291 -0.178906 
-1.012799 0.062652 -0.380905 
-1.127205 0.000319 0.057191 
-1.158350 -0.012150 0.066246 
-1.070862 0.008677 0.061962 
-1.057116 0.005766 0.069414 
-0.934315 0.121989 -0.408709 
-0.958284 0.086690 -0.383824 
-1.160689 0.013125 0.078423 
-1.126756 0.050901 0.069826 
-1.183461 0.005632 0.094325 
-1.036513 -0.206550 -0.323695 
-0.948521 0.106403 -0.390380 
-1.045645 0.036705 0.092751 
2.357996 -0.144398 0.421819 
-1.151585 0.059628 0.084815 
-1.118779 0.084230 0.075223 
-1.128494 0.078144 0.077153 
-1.121837 0.099543 0.079508 
-1.054726 0.066452 0.089094 
-1.113998 -0.071612 -0.330172 
-1.052041 0.083748 0.099572 
-0.822452 0.028343 -0.394330 
-0.809195 -0.141558 -0.276176 
2.222976 -0.000943 0.658911 
2.222238 0.002166 0.670914 
-0.845227 -0.152157 -0.254601 
-1.056418 -0.201307 -0.313929 
-1.146126 0.111507 0.095522 
-1.121594 0.125623 0.108271 
-1.093637 0.124852 0.112958 
-1.094944 -0.144975 -0.305676 
2.153887 0.026383 0.462698 
-1.064075 0.123014 0.134541 
-1.063116 0.117348 0.151651 
-1.131555 0.125470 0.143861 
2.195214 -0.148084 0.569929 
-1.157049 0.124946 0.155880 
-1.157368 0.125091 0.151923 
-1.154921 0.125168 0.151571 
-0.774525 0.011675 -0.402768 
-1.099644 -0.075041 0.049806 
-1.080087 0.120161 0.161318 
-1.078189 0.118525 0.163428 
-1.050883 -0.058082 0.062640 
-0.885723 -0.207103 -0.282905 
-1.140623 -0.099213 -0.325043 
-0.853596 0.042650 -0.386849 
-1.115022 -0.108524 0.058714 
-1.106897 0.117664 0.195984 
-0.823294 0.050474 -0.378484 
-1.054175 -0.099042 0.071780 
-1.038136 -0.075677 0.088963 
-0.937890 -0.220751 -0.291381 
-1.049890 -0.098431 0.075145 
-0.765862 -0.104486 -0.369669 
-1.130284 -0.134117 0.068281 
-1.135879 -0.130752 0.070234 
-1.052175 -0.209673 -0.292761 
-0.936343 0.133521 -0.373127 
-0.876152 0.108205 -0.379030 
-1.041726 -0.100728 0.092621 
-0.787449 -0.142281 -0.251781 
-0.909200 0.133595 -0.366825 
-1.134904 -0.153764 0.073358 
-0.776185 -0.140600 -0.288488 
-1.031518 -0.063466 0.136938 
-0.140343 -0.028472 -0.089701 
-0.996740 0.107229 0.297276 
-0.184844 0.023758 -0.108644 
-0.762464 -0.132696 -0.320610 
-0.861158 -0.187710 -0.242640 
2.195036 -0.145800 0.424845 
2.220843 -0.146272 0.453447 
-0.169359 -0.016156 -0.093010 
2.167695 -0.149428 0.705249 
-0.183038 -0.002276 -0.099596 
2.572251 0.027083 0.297382 
-0.786165 -0.135246 -0.199295 
-1.016734 0.028175 0.325599 
-0.772506 -0.139182 -0.213837 
-0.859044 -0.145114 -0.204717 
-1.083730 -0.189685 -0.274108 
-1.047450 0.095633 -0.352686 
-1.110636 0.020424 -0.325283 
-1.080488 -0.180376 0.106387 
-0.987976 0.119711 0.274297 
-1.077849 0.066748 -0.331271 
-1.042131 -0.106731 0.137101 
-1.083668 -0.178666 0.111112 
-0.860379 -0.144790 -0.202406 
-1.061970 0.101368 0.233001 
-0.141590 -0.079822 -0.113067 
-1.095247 -0.179413 0.114103 
-1.026374 -0.015256 0.341322 
-1.166068 -0.063954 -0.331970 
-0.163801 -0.063144 -0.104775 
-1.050820 -0.164275 0.110116 
-0.722241 -0.080884 -0.392121 
-1.089281 -0.178124 0.125139 
-0.192610 -0.037558 -0.089046 
-0.224423 0.000606 -0.100643 
-1.058889 -0.101150 0.158219 
2.428363 -0.143200 0.212175 
-0.978608 -0.224011 -0.254175 
-1.032070 0.116156 0.232991 
-1.097490 -0.159862 -0.259483 
-0.221324 0.054994 -0.136895 
-0.822859 0.073492 -0.351426 
2.218989 -0.146330 0.455425 
-0.191226 -0.051038 -0.098825 
-0.219129 0.058999 -0.141788 
-1.062154 -0.119260 0.155677 
-0.190303 -0.056921 -0.103212 
2.194855 0.027144 0.420540 
-0.750606 -0.143009 -0.241299 
-0.942081 -0.223218 -0.243963 
2.555142 0.001128 0.324720 
-0.713473 -0.087478 -0.387703 
-0.839561 -0.130745 -0.189637 
2.520256 0.030396 0.229025 
-0.796033 0.080393 -0.343542 
-1.018748 0.047038 0.203637 
2.382823 0.023185 0.521002 
2.131770 -0.147256 0.542120 
-0.933475 0.069584 0.252615 
-0.223043 0.076656 -0.166677 
-0.977467 0.120643 0.217232 
-0.187853 -0.142787 -0.199903 
-0.949822 0.121160 0.221615 
-0.878575 -0.195143 -0.208527 
-0.976851 -0.036345 0.316151 
-0.896083 0.155415 -0.326410 
-0.969220 -0.028149 0.311771 
-1.013993 0.032586 0.197290 
-0.780247 -0.121896 -0.167410 
-0.910365 0.097982 0.218973 
-0.918959 0.114974 0.212978 
-0.928516 0.037775 0.254070 
-1.137707 -0.140557 -0.232094 
-1.045792 -0.158020 0.317502 
2.203910 0.011831 0.749677 
-0.209226 -0.089285 -0.117832 
2.214427 -0.146399 0.458562 
-0.965053 -0.047677 0.302671 
-0.826730 -0.122424 -0.170792 
2.370835 -0.144230 0.351676 
-1.116009 -0.139497 -0.221531 
-1.196094 -0.144320 -0.320910 
-1.024316 0.152593 -0.343339 
-1.078354 0.106587 -0.312081 
-1.119692 -0.177122 0.197020 
-0.931739 -0.006052 0.272770 
-1.003839 0.023006 0.183120 
2.447738 -0.091564 0.326205 
-0.829573 -0.120461 -0.167802 
2.184736 0.027574 0.414969 
-0.962369 0.088445 0.159003 
-1.089985 0.097714 -0.304914 
-0.245732 -0.076387 -0.110579 
-0.277489 -0.045054 -0.095156 
-1.138517 -0.139265 -0.217846 
-0.227919 -0.116126 -0.147165 
-1.065172 -0.201032 -0.213741 
-1.143299 -0.137358 -0.210738 
-0.280157 0.075178 -0.164848 
-0.918582 0.002388 0.254731 
-0.233311 -0.115373 -0.146862 
-0.847157 -0.119724 -0.165566 
-0.896909 0.054851 0.211653 
-0.969478 0.039158 0.149245 
-0.301982 -0.023478 -0.087993 
-0.951754 -0.219055 -0.200859 
-1.074117 -0.121792 0.216127 
-1.088267 -0.150049 -0.208040 
-1.207864 -0.045430 -0.389243 
-0.695809 0.038443 -0.386133 
-0.712686 -0.138020 -0.201679 
-0.990116 -0.221467 -0.208202 
-0.290238 0.078015 -0.165076 
-0.950038 0.101986 0.142998 
-0.333761 -0.001116 -0.096573 
-0.706555 -0.138960 -0.206950 
-0.924438 -0.209384 -0.188160 
-1.016708 -0.219737 -0.208695 
-0.721185 0.075692 -0.348527 
-0.709592 -0.141314 -0.221798 
-0.292350 0.085659 -0.183641 
-0.321937 0.063820 -0.143706 
-0.944461 0.113363 0.142452 
-1.075478 -0.181930 0.247465 
-0.902994 -0.187385 -0.168769 
-1.208065 -0.163930 -0.336674 
-1.066367 -0.139719 0.220233 
2.423852 -0.143079 0.232526 
-1.070641 -0.145201 0.221558 
-0.822938 -0.107286 -0.149709 
-0.901959 -0.174750 -0.155616 
-0.884583 -0.163310 -0.147045 
-1.060023 -0.192829 -0.188843 
-0.261972 -0.148824 -0.258381 
-0.264947 -0.148817 -0.252033 
-0.266950 -0.148672 -0.239434 
-0.932941 0.177958 -0.305714 
-0.915773 0.122667 0.145952 
2.184750 0.027550 0.413953 
-0.273519 -0.136843 -0.183171 
2.475599 -0.142610 0.265801 
-0.965378 0.022831 0.134931 
-0.875454 0.074504 0.162739 
-1.021447 0.172025 -0.316532 
-0.276386 0.094554 -0.267190 
2.315016 -0.144823 0.403081 
-0.651567 -0.075793 -0.396030 
-0.886856 -0.007261 0.218633 
-0.323990 0.077166 -0.167977 
-0.872220 0.109419 0.134450 
-0.886022 -0.006210 0.216705 
-0.787814 0.097195 -0.295874 
-0.970412 -0.140472 0.274624 
-0.886494 -0.024097 0.227415 
-0.950951 -0.214313 -0.184796 
-1.222991 -0.171823 -0.274660 
2.144590 -0.147425 0.521297 
-1.033939 -0.182908 0.235492 
-1.182258 0.047681 -0.326068 
-0.832691 0.101067 -0.287484 
-1.232111 -0.052355 -0.397603 
-0.367201 0.045318 -0.124274 
-0.956467 -0.155727 0.259040 
-0.870296 -0.125661 -0.132970 
2.160194 0.022607 0.700932 
-0.956511 -0.149088 0.260367 
2.193188 -0.146633 0.513606 
-0.870049 0.052303 0.159959 
2.193441 -0.147463 0.542823 
-0.393223 0.027738 -0.109693 
-0.933681 0.113601 0.117311 
-1.172300 -0.122384 -0.197200 
-0.292532 0.091802 -0.292397 
-1.084321 0.124947 -0.284168 
-1.156140 0.102571 -0.291799 
-1.202902 0.012211 -0.374892 
-1.031897 -0.138314 0.212094 
-1.028805 -0.204054 -0.175232 
-1.122854 -0.106389 -0.194613 
-0.888495 -0.042898 0.223519 
-0.859008 0.145827 -0.245382 
-0.974186 0.181642 -0.302671 
-0.356088 0.074661 -0.158727 
-1.241958 -0.170928 -0.228653 
-0.329771 0.093075 -0.206991 
-0.697327 -0.118098 -0.154678 
-0.876890 0.163265 -0.260224 
-0.704829 0.091025 -0.317983 
-0.646829 -0.111352 -0.362680 
-0.930548 0.076763 0.077066 
-0.929787 0.080360 0.077139 
-0.871960 -0.036601 0.203720 
-0.823953 0.101612 -0.265310 
2.199005 -0.107407 0.339234 
-0.317873 0.090425 -0.296825 
-0.868688 -0.150515 -0.109263 
-1.153622 0.100873 -0.268539 
-0.713434 0.096881 -0.297070 
-0.316224 -0.148796 -0.243418 
-0.988903 -0.098017 0.169911 
-1.207924 -0.164170 -0.182864 
-0.357465 -0.065516 -0.105476 
-0.406948 0.050404 -0.130065 
-0.998191 0.183276 -0.289480 
-0.634746 0.024867 -0.394858 
-0.367856 -0.056254 -0.101358 
-0.406244 0.058852 -0.139184 
-0.417937 0.041222 -0.120775 
-0.810875 -0.084547 -0.125974 
2.157138 0.022137 0.712756 
-0.333521 -0.140272 -0.195659 
-0.325251 0.084785 -0.319070 
-1.180087 0.103815 -0.296126 
2.183437 0.024265 0.600624 
-1.264757 -0.109328 -0.385914 
-0.651402 0.038795 -0.386506 
-0.993443 -0.175157 0.200487 
-0.856395 0.035245 0.130498 
-0.345181 0.094295 -0.254971 
-0.414644 -0.009154 -0.095152 
-0.923594 -0.122047 0.236430 
-0.633885 -0.100659 -0.376085 
-0.305033 -0.133888 -0.330785 
-0.391886 -0.041804 -0.094405 
-0.936248 0.032423 0.060412 
-0.998846 -0.154682 0.196194 
-0.915777 -0.160564 0.209404 
1.700642 -0.116544 0.711476 
-0.310264 -0.134470 -0.329777 
-0.732843 0.098059 -0.257124 
-0.324857 0.074611 -0.346318 
-0.990077 -0.169098 0.193760 
-0.897148 -0.085383 0.212850 
-0.335411 -0.148324 -0.258582 
-0.339685 -0.123549 -0.159631 
-0.359514 -0.084715 -0.115564 
-1.210647 -0.165816 -0.181176 
-1.129435 0.101569 -0.247914 
-0.861658 -0.041804 0.177830 
2.335043 -0.142771 0.356829 
-1.211746 -0.165841 -0.177036 
-0.863230 -0.044616 0.177512 
-0.852355 0.026385 0.122982 
2.309088 -0.144868 0.395733 
-0.390978 -0.058464 -0.103607 
-0.594800 -0.003588 -0.411266 
-0.850437 0.042519 0.107817 
-0.339610 -0.146134 -0.287015 
-1.040285 -0.130086 -0.154695 
-1.266895 -0.170719 -0.273325 
-1.020264 0.180461 -0.275159 
-0.659869 0.066909 -0.359615 
-0.648672 -0.143904 -0.238387 
-1.045585 -0.118031 -0.156130 
-1.081933 -0.075312 -0.178971 
-0.443159 -0.007660 -0.095028 
-1.261428 -0.159799 -0.372969 
-0.966319 -0.105000 0.143101 
-0.773969 0.100135 -0.247718 
-0.862437 -0.050321 0.169153 
-0.641656 -0.144719 -0.253530 
2.190204 -0.146500 0.517633 
-0.425737 0.070331 -0.153390 
-0.358250 -0.148556 -0.247919 
-0.697911 -0.073909 -0.110733 
-0.638668 -0.145065 -0.259007 
-0.810600 -0.068169 -0.115710 
-0.836515 -0.076375 -0.120176 
-0.953334 -0.161150 -0.131999 
-1.286912 -0.140361 -0.361512 
-0.386016 -0.085908 -0.116889 
-0.647430 0.068804 -0.357128 
-0.601885 -0.085889 -0.390438 
-0.478017 0.025843 -0.108786 
-1.456706 0.106172 -0.260832 
-0.939511 -0.181404 0.163069 
-0.842396 -0.028038 0.143964 
-0.842580 -0.024769 0.144040 
-0.366972 -0.127566 -0.166499 
-1.183588 -0.079889 -0.183124 
-0.919474 0.179581 -0.244096 
-0.951651 0.184482 -0.250333 
-0.922395 0.081806 0.018415 
2.475581 -0.143016 0.242095 
-1.281551 -0.075510 -0.382625 
-0.574407 -0.031501 -0.418408 
1.894347 -0.146470 0.741102 
1.881642 -0.146049 0.742362 
-0.643742 -0.141320 -0.211435 
-0.392106 0.095407 -0.240087 
-1.032810 -0.114037 -0.147836 
-0.376621 -0.149103 -0.241769 
-1.121029 0.100727 -0.228135 
-0.611417 -0.105324 -0.370423 
-0.864345 -0.067541 0.163452 
-0.842714 -0.003275 0.116693 
-0.374504 -0.111352 -0.142390 
-0.771149 -0.056849 -0.107991 
2.185976 0.027928 0.373868 
-0.446315 0.065148 -0.145136 
-1.440141 0.106865 -0.283804 
-0.969091 0.183567 -0.248475 
-1.070219 0.159451 -0.253460 
-1.073459 0.155825 -0.254254 
-1.289420 -0.071498 -0.377208 
-0.857816 0.114764 0.036312 
-0.953933 -0.174907 0.149897 
-0.892763 -0.118477 0.192095 
-1.290919 -0.167647 -0.213972 
-0.849221 0.110457 -0.219049 
-0.852147 0.115014 -0.215375 
-0.962183 0.183384 -0.243865 
-0.354531 -0.135859 -0.326289 
-0.408001 -0.085040 -0.116643 
-0.583366 -0.077010 -0.395962 
-1.427456 0.103134 -0.300817 
2.181451 -0.146944 0.546681 
-0.852272 -0.110416 -0.079418 
-0.362684 -0.135607 -0.326957 
-1.164230 -0.055569 -0.185090 
-0.375058 -0.145888 -0.286140 
-1.300019 -0.097745 -0.352122 
-0.389404 -0.147483 -0.246763 
-0.704965 -0.048921 -0.099319 
-0.639291 -0.119606 -0.159698 
1.867918 -0.070548 0.772185 
-0.930074 0.060259 -0.021366 
-0.669458 0.097727 -0.264511 
2.141161 0.000397 0.350630 
-1.033991 -0.100358 -0.145834 
-0.926949 0.077665 -0.013037 
-0.454139 -0.053242 -0.099924 
-0.778745 0.096977 -0.222054 
-0.718592 0.098192 -0.220564 
-0.655496 0.095602 -0.294771 
-0.669050 0.097629 -0.265683 
-1.290038 -0.164999 -0.277218 
-1.132109 0.100355 -0.211531 
-0.837928 0.000890 0.083836 
-0.563759 -0.044280 -0.411496 
-0.447876 -0.059216 -0.103948 
-0.436549 0.096239 -0.236597 
-0.446310 -0.070580 -0.108489 
-1.206870 0.130707 -0.305224 
-0.413562 -0.109950 -0.141388 
-0.619143 -0.130737 -0.176742 
-0.927219 0.091508 -0.018354 
-1.262908 -0.166615 -0.151934 
-1.211327 0.109681 -0.352782 
-1.409765 0.106058 -0.231825 
-0.857978 0.113268 0.003481 
-0.464751 0.087371 -0.187766 
-0.941869 -0.078917 0.056458 
-0.432267 -0.096872 -0.125963 
-0.376841 -0.081226 -0.394737 
-0.353278 -0.029553 -0.419267 
-1.393341 0.075896 -0.190379 
-1.400478 0.086286 -0.191845 
1.851090 -0.073098 0.765621 
-0.940981 -0.094149 0.070287 
-0.848148 0.068684 0.003080 
-0.775809 0.092509 -0.197266 
-0.744018 0.096301 -0.208911 
-1.394326 0.106110 -0.290534 
-1.361850 0.040721 -0.185967 
-0.644710 -0.093335 -0.123916 
-0.939222 0.032766 -0.046685 
-0.946069 -0.162157 0.122061 
2.412815 -0.133576 0.340775 
-0.927854 0.178202 -0.207133 
-1.107625 0.093709 -0.196641 
-0.942194 -0.068515 0.044461 
2.442917 -0.143091 0.206331 
-0.867359 -0.169776 -0.053638 
-0.942837 -0.004087 -0.011651 
2.214885 0.026934 0.445105 
-0.386463 -0.087154 -0.390602 
-0.376467 0.024418 -0.393366 
-0.404281 0.056264 -0.368645 
-0.540466 -0.038451 -0.415253 
-0.894728 0.124353 -0.014030 
-0.828032 -0.031113 0.074621 
-0.474707 -0.065882 -0.106380 
-0.986925 -0.135802 -0.136592 
2.177444 0.005287 0.761611 
-0.378941 0.027874 -0.391618 
-1.306982 -0.145381 -0.244597 
-0.855330 0.100249 -0.193541 
-0.899818 0.155914 -0.175839 
-0.939989 0.021920 -0.041732 
-0.864929 -0.114497 0.137827 
2.195467 -0.145983 0.464344 
-0.525545 -0.016802 -0.419409 
-0.547558 -0.063773 -0.403481 
-0.357984 -0.004464 -0.409282 
-0.366249 -0.024340 -0.419396 
-1.469689 -0.036294 -0.336918 
-1.484303 -0.134172 -0.309590 
2.135523 -0.016069 0.767210 
-1.264340 -0.140829 -0.140245 
2.199885 0.023654 0.587299 
-0.380565 0.021225 -0.395423 
-1.309664 -0.079627 -0.336591 
-0.572146 -0.128166 -0.338171 
-0.966517 0.180167 -0.201804 
-1.220838 0.131166 -0.347911 
-0.521991 -0.017998 -0.419708 
-0.422679 -0.142502 -0.303001 
-0.471839 -0.084752 -0.117258 
-1.283923 -0.141213 -0.153423 
-0.823339 0.088757 -0.188125 
-0.905559 0.154647 -0.166991 
-0.567777 -0.113471 -0.361276 
-0.563733 -0.127452 -0.341246 
-1.414387 0.025878 -0.324447 
-0.817626 -0.033597 -0.091422 
-1.372105 0.104940 -0.255453 
-1.371555 0.105161 -0.260038 
-0.846689 0.089425 -0.183454 
2.173470 0.020872 0.359496 
1.918501 -0.115817 0.763371 
-0.541611 -0.005941 -0.094644 
-1.310489 -0.067149 -0.341588 
-0.635795 0.098137 -0.242602 
-0.692651 -0.013444 -0.089473 
-0.734554 -0.013262 -0.091360 
-0.855098 0.084950 -0.039225 
-0.441975 -0.147556 -0.284341 
-0.604198 0.085856 -0.329572 
-0.554926 -0.092932 -0.384617 
2.170385 -0.146102 0.472156 
-0.468354 0.090501 -0.309823 
2.145022 -0.149098 0.679578 
-0.512532 -0.011977 -0.415696 
-0.453011 -0.121561 -0.158890 
-0.476918 0.093394 -0.286127 
2.556090 0.029254 0.266094 
-1.381221 0.061793 -0.317125 
-1.379174 0.068363 -0.315747 
-1.353938 0.081269 -0.192455 
-1.225868 -0.079183 -0.128355 
-1.253433 -0.090551 -0.127774 
-0.846712 0.088345 -0.182038 
-1.401763 -0.052534 -0.185132 
-1.067828 0.083147 -0.175939 
2.045604 -0.100500 0.766199 
-0.932842 -0.140674 0.070688 
-1.248673 0.133368 -0.261828 
-0.523777 0.084897 -0.177363 
-0.548334 0.066623 -0.146185 
-0.443843 0.056967 -0.367085 
1.851026 -0.117086 0.753713 
-1.243594 0.115653 -0.368997 
2.486329 -0.137370 0.156276 
-0.911835 0.123781 -0.049379 
-0.468577 -0.138985 -0.196411 
-0.546036 -0.022902 -0.088969 
-1.326114 -0.132811 -0.203988 
-1.240277 0.134609 -0.331181 
-0.511338 -0.031490 -0.419779 
-0.918511 -0.177604 0.070396 
2.219844 -0.128578 0.343268 
-0.508516 -0.073249 -0.111549 
-0.410518 -0.056783 -0.406956 
-1.450661 -0.104023 -0.323737 
2.445020 0.002763 0.451318 
-1.220909 -0.062444 -0.126909 
2.425072 0.024174 0.482849 
-0.954117 -0.030033 -0.039149 
-1.298449 0.031902 -0.362216 
-0.518424 -0.066119 -0.107507 
2.547976 0.028388 0.207713 
-0.542024 -0.118052 -0.354998 
-0.852546 0.081833 -0.173196 
2.185536 0.021170 0.742489 
-0.466775 0.074841 -0.347380 
-1.300596 0.028775 -0.361578 
-1.367428 0.065010 -0.316233 
-0.860939 0.088729 -0.072191 
-0.880840 -0.178174 -0.028410 
-0.927653 -0.160360 -0.037157 
-0.452681 -0.137368 -0.321275 
-1.295500 -0.096492 -0.158122 
-0.598254 0.025364 -0.106941 
-1.180516 0.059503 -0.186483 
2.497978 -0.105701 0.134129 
-1.435078 -0.139135 -0.272438 
-0.927070 -0.163122 0.061814 
2.454522 -0.008154 0.448621 
-0.450006 -0.125441 -0.345284 
-1.103934 0.039601 -0.185823 
-0.423301 -0.052591 -0.409021 
-0.494627 -0.031917 -0.417887 
-1.335112 0.103581 -0.244008 
-0.629302 0.090172 -0.187973 
-0.921013 -0.173172 0.055348 
-1.342168 -0.140432 -0.250892 
-0.418337 -0.032431 -0.418358 
-0.895445 0.125882 -0.070134 
1.903524 -0.120620 0.761688 
-0.585422 0.093188 -0.305196 
-0.533482 0.041253 -0.382557 
-0.830742 -0.002583 -0.005344 
-0.466041 -0.137057 -0.320983 
-1.297449 0.076175 -0.171319 
2.239032 0.025408 0.498722 
-0.927291 -0.137918 0.030392 
-0.847589 0.040711 -0.052301 
-0.537968 0.096018 -0.231944 
-1.370877 0.015816 -0.326479 
-1.279497 0.104582 -0.146884 
-1.291983 -0.092932 -0.151796 
-0.542457 0.093806 -0.205792 
-0.534503 0.047967 -0.376783 
-1.351268 -0.036848 -0.180737 
-0.601574 0.060152 -0.136007 
-1.082557 0.035177 -0.177995 
1.880066 -0.132467 0.756986 
-1.228344 0.131448 -0.175784 
-0.834867 0.005775 -0.023395 
-0.598655 -0.074972 -0.109854 
-0.537949 -0.089994 -0.120693 
2.456262 0.017393 0.457946 
-1.404058 -0.070317 -0.329283 
-1.322719 0.102643 -0.215132 
-1.320019 -0.074637 -0.188345 
-1.207470 0.047801 -0.135237 
2.456828 -0.142051 0.228594 
-1.287180 0.091410 -0.351832 
-1.289978 0.087327 -0.348239 
-0.835213 -0.065259 0.027441 
-0.833230 -0.000815 -0.024623 
-0.628111 0.021918 -0.103802 
-0.426795 -0.017189 -0.419765 
-0.550501 -0.129519 -0.173202 
2.321773 0.024845 0.473975 
2.280740 0.025531 0.470332 
-1.341473 -0.106036 -0.195658 
-0.565051 -0.054721 -0.101898 
-1.276172 0.118816 -0.356317 
-1.288589 0.104373 -0.159183 
-0.867571 0.073968 -0.117534 
-0.527454 -0.140398 -0.308664 
-0.850991 0.040788 -0.080412 
-1.298825 -0.074373 -0.156374 
-0.869254 0.087952 -0.112138 
-0.830867 -0.049919 0.006139 
-0.829361 0.039798 -0.122795 
-0.503833 -0.146251 -0.273052 
-0.542010 -0.138164 -0.197306 
-1.362396 -0.138617 -0.268998 
-0.941293 0.127200 -0.128855 
-0.936774 -0.094526 -0.029782 
-1.287350 0.125471 -0.279430 
-0.663869 0.048897 -0.126197 
-0.696852 0.071867 -0.150806 
-0.656593 0.048493 -0.127034 
-0.597355 0.091745 -0.199049 
-1.330929 0.047551 -0.321047 
-0.965974 0.121180 -0.134734 
1.988745 -0.126294 0.761469 
-0.932937 -0.110414 -0.019962 
-1.077411 0.027663 -0.170785 
-1.213096 0.123068 -0.150847 
-1.277534 0.129398 -0.339064 
-1.331065 -0.003113 -0.337794 
-0.553775 0.097322 -0.254787 
-0.569554 0.096356 -0.277110 
-1.107537 0.008310 -0.180446 
-0.682815 0.060845 -0.137893 
-1.378968 -0.041962 -0.333776 
-0.875435 0.109889 -0.115005 
-0.566029 -0.094744 -0.124975 
-0.927125 -0.137486 -0.003166 
-0.752196 0.046814 -0.127618 
-0.568279 -0.077881 -0.112221 
-1.377315 -0.133969 -0.309616 
-0.555000 0.091834 -0.307616 
2.145100 -0.149281 0.628219 
-1.340253 -0.070702 -0.189470 
-1.384722 -0.132730 -0.203978 
-0.496972 -0.091961 -0.385980 
-0.484858 -0.087068 -0.389699 
-0.845779 -0.113747 0.041154 
-0.502842 0.047263 -0.377277 
2.011376 -0.120741 0.762474 
-0.810485 0.059332 -0.142115 
-0.977964 0.144664 -0.141618 
-1.150287 0.007138 -0.180174 
-0.996096 0.125741 -0.138537 
-0.947996 -0.068783 -0.066603 
2.244431 -0.034987 0.589502 
2.354767 -0.035962 0.729412 
2.292525 -0.038901 0.579227 
2.362708 0.008603 0.671214 
2.330375 -0.054957 0.582985 
2.349064 -0.055182 0.640174 
2.354282 -0.026133 0.636357 
2.361365 0.003951 0.648449 
2.236410 -0.059577 0.621664 
2.414600 -0.125049 0.380749 
2.421118 -0.076491 0.388927 
2.421071 -0.080587 0.375794 
2.427471 -0.059960 0.414910 
2.454392 -0.084583 0.436978 
1.706064 -0.048442 0.668727 
1.704770 -0.033443 0.662880 
1.704632 -0.030450 0.656331 
1.708589 -0.056144 0.630993 
1.823272 -0.073486 0.703302 
1.795057 -0.059206 0.217611 
-1.542399 -0.021167 -0.135967 
-1.489576 -0.026187 -0.340431 
-1.454520 -0.009338 -0.339205 
-1.547578 0.001329 -0.391534 
-1.798779 0.120293 -0.191840 
-1.887969 0.115872 -0.210845 
-1.917203 0.122844 -0.271235 
-2.534747 0.028175 0.084350 
-1.833325 0.146005 -0.215993 
-2.044157 -0.026362 0.409711 
-2.050753 -0.028293 0.404710 
-2.067143 -0.002827 0.386649 
-2.927597 -0.081098 -0.276525 
-2.924472 -0.078239 -0.260145 
-2.914347 -0.076300 -0.296813 
1.105380 -0.079456 -0.411500 
1.107693 -0.101001 -0.398965 
1.216408 -0.116717 -0.379964 
1.193398 -0.103293 -0.397732 
1.170545 -0.096692 -0.402346 
1.142964 -0.109660 -0.387267 
1.121469 -0.104596 -0.392456 
1.131239 -0.095750 -0.396825 
1.623591 -0.063527 0.394402 
-2.847707 -0.035290 -0.349497 
-2.867707 0.041057 -0.332367 
-2.853460 -0.025607 -0.343879 
-2.880274 -0.012974 -0.196598 
-2.884975 -0.058930 -0.327326 
-2.842767 0.011143 -0.346677 
-2.902759 -0.036120 -0.255473 
-2.884554 -0.025582 -0.317714 
-2.865896 -0.036939 -0.181231 
-2.883802 -0.045200 -0.323816 
-2.896845 -0.046053 -0.215267 
-2.881921 -0.000748 -0.200560 
-2.824941 -0.019814 -0.010596 
-2.968050 -0.031043 -0.089059 
-2.961133 -0.018295 -0.078640 
-2.984870 -0.011012 -0.100237 
-1.877397 -0.072521 -0.796148 
-1.813293 0.023650 -0.848868 
-1.835545 0.053825 -0.845485 
-1.824404 0.006734 -0.846910 
-1.812591 0.000240 -0.848070 
1.965211 -0.053100 0.077304 
1.965783 -0.042583 0.047939 
1.951783 -0.059989 0.197854 
1.959609 -0.043047 0.485306 
1.961906 -0.053036 0.480848 
-2.761113 -0.011709 -0.356295 
-2.732120 -0.012323 -0.344923 
-2.768293 0.007168 -0.355923 
-2.700738 -0.013694 -0.208318 
-2.691421 -0.012294 -0.256257 
-2.251598 -0.005696 -0.342883 
-1.355932 -0.020857 -0.176939 
-1.345924 -0.020482 -0.342177 
1.962461 -0.062625 0.466201 
2.214708 -0.054056 0.339951 
2.553906 -0.080530 0.332423 
2.583795 -0.067452 0.333548 
2.562899 -0.075273 0.437410 
2.100296 -0.079883 0.447818 
2.033393 -0.080907 0.512682 
2.060471 -0.065110 0.512909 
2.069871 -0.072906 0.512199 
1.982473 -0.080160 0.513156 
1.992981 -0.073767 0.513203 
1.963751 -0.061525 0.426181 
1.963269 -0.054140 0.404774 
1.933870 -0.041038 0.200140 
1.822133 -0.033569 0.202902 
1.874779 -0.051277 0.199115 
1.816664 -0.051308 0.206079 
2.173899 -0.072905 0.197979 
2.195973 -0.080034 0.197401 
1.913237 -0.057904 0.337028 
1.901407 -0.060432 0.337338 
2.623131 -0.065313 0.653535 
2.621753 -0.056692 0.624000 
2.624018 -0.068690 0.592243 
2.621145 -0.054379 0.245469 
1.442342 -0.016582 0.631178 
1.438566 -0.039808 0.631218 
1.439582 -0.032973 0.657064 
1.443695 -0.008450 0.645737 
1.448445 0.015322 0.278247 
-1.570178 -0.014458 -0.674234 
-1.061873 -0.008460 -0.707582 
-1.032765 -0.026167 -0.710455 
