ply
format ascii 1.0
comment Created by CloudCompare v2.14.alpha (Sep 12 2025)
comment Created 2026-05-02T14:54:16
obj_info Generated by CloudCompare!
element vertex 5002
property float x
property float y
property float z
end_header
0.012545 0.033548 1.570972 
0.286022 -0.068831 0.399567 
0.240800 -0.040715 -0.381314 
-0.020079 0.042745 1.577488 
0.157961 -0.119382 -0.577091 
0.155839 -0.119960 -0.573696 
1.077766 0.132313 -0.692310 
-0.396993 -0.055811 -0.635074 
-0.091486 0.064015 1.579153 
-0.115737 0.104293 1.562260 
-0.054238 0.029443 1.573182 
1.318143 0.170587 -0.695757 
1.294433 0.150038 -0.692329 
-0.607542 0.136988 -0.762778 
-0.853703 0.101131 -0.888844 
1.360763 0.170220 -0.692668 
-0.796936 0.081118 -0.889849 
1.424304 0.188217 -0.688642 
-0.420704 -0.021699 -0.631470 
-0.486381 -0.011291 1.191579 
-0.754667 0.091666 -0.891299 
-0.076888 -0.148434 -0.637971 
-0.944743 0.189798 -0.829538 
1.326497 0.141692 -0.516447 
-0.649731 0.062148 -0.884712 
1.289771 0.109899 -0.516976 
0.352924 0.073370 -0.756439 
-0.704749 0.033710 1.140245 
0.008530 0.020885 1.561101 
-0.908061 0.083798 -0.829737 
-0.671588 0.107832 1.350958 
0.543201 0.056846 -0.753617 
-0.796525 0.105393 -0.827053 
-0.768473 0.116258 -0.826518 
0.607738 0.046903 -0.753260 
-0.932970 -0.005359 -0.529878 
-0.832174 0.087515 -0.823012 
-0.680661 0.174404 -0.830441 
1.541949 0.060425 1.314105 
-1.271375 0.084780 -0.580295 
-0.816747 -0.016125 -0.525568 
1.632185 0.163917 1.314267 
0.201138 -0.084287 -0.629291 
-1.152788 0.178075 -0.580422 
-0.020391 -0.127540 -0.693352 
-0.673941 0.064148 -0.822666 
1.610648 0.186590 1.309348 
-0.816858 -0.111516 1.185377 
0.064643 0.012148 1.094906 
1.408072 0.138623 1.255530 
-0.648922 0.096816 -0.967469 
0.785139 0.058782 -0.752646 
1.465733 0.046418 1.368534 
-0.210912 0.240963 -1.556086 
1.359373 0.129728 1.257781 
0.269371 -0.080333 -0.632561 
0.023767 0.018593 1.096602 
1.317472 0.051631 1.365400 
-0.312128 0.191619 -1.569260 
-0.976493 0.172136 -0.585054 
-0.872524 0.018923 1.186695 
1.324186 0.311210 -0.748437 
-0.327846 0.175299 -1.565968 
-0.015966 0.039868 -0.816173 
-0.154714 0.096755 1.437520 
0.955157 0.174676 -0.973095 
1.146391 0.131403 1.247558 
-0.823894 0.104567 -0.576533 
0.370054 0.019628 -0.883855 
-0.263048 0.006706 -0.526416 
0.191356 0.029639 -0.815756 
1.015349 0.017778 1.365275 
-0.127423 0.080379 -0.962306 
0.248212 0.072506 -0.813963 
-0.747296 0.088889 1.429273 
0.502723 0.123795 -0.879297 
0.870422 0.117127 1.251546 
-0.082172 0.011068 1.090179 
1.298262 0.166367 -0.755147 
0.838658 0.111507 1.248841 
0.078025 0.070598 -0.965301 
-0.626727 0.001870 -0.755387 
0.637244 -0.081408 -0.688648 
0.442022 0.105061 -0.818992 
0.490813 0.097180 -0.816025 
0.266715 0.031427 -0.959537 
-0.500357 -0.010755 -0.760837 
0.649010 0.103549 1.243305 
-1.207110 0.116337 -0.640369 
0.933554 0.136145 1.308355 
0.768452 0.156325 -0.818637 
0.182330 -0.006695 -0.577453 
-1.307008 -0.141128 1.186902 
-1.059824 -0.034968 1.132052 
0.084565 -0.030104 -0.520959 
0.455593 0.039280 -0.960270 
-0.344389 0.235546 -1.577913 
0.535535 0.013995 1.364734 
-0.196961 0.019035 -0.756688 
-0.391494 -0.042199 1.092007 
0.456623 0.016786 1.362299 
0.710437 0.107487 1.305142 
1.232603 0.036277 1.439468 
1.077426 0.155277 -0.566775 
-1.434391 -0.087563 1.183752 
0.684981 0.111021 1.309311 
0.435295 0.030465 1.362648 
0.581308 0.051283 -0.875520 
-0.099081 -0.002964 -0.752896 
0.652846 0.116066 1.304522 
1.015861 0.109616 -0.517126 
-1.334883 -0.155584 1.141123 
-1.111640 0.091945 -0.703607 
1.027696 0.309813 -0.965814 
0.797955 0.138514 -0.969765 
-0.792384 0.128024 -0.634065 
0.080541 -0.151079 -0.519252 
-0.794496 0.198381 -0.770742 
-0.201245 0.174010 -1.543206 
0.618569 0.202481 -0.959263 
-0.629750 0.074289 -0.634295 
-1.481124 -0.138621 1.136822 
0.973944 0.022710 1.437153 
0.438759 -0.013848 -0.515637 
-0.510571 0.065738 -0.631785 
0.854643 0.267237 -0.881814 
1.028370 0.130656 -0.808447 
0.288575 0.111310 1.299331 
-0.343609 0.047013 -0.630325 
0.487082 0.022535 -0.622844 
0.406734 -0.146172 -0.517446 
1.254856 0.306950 -0.815002 
1.352464 0.151022 -0.565508 
0.840980 0.176620 -0.964474 
0.820240 0.043029 -0.516421 
1.409939 0.170919 -0.566494 
0.610235 -0.005336 -0.513092 
-0.347541 0.202008 -1.577463 
-1.513363 0.037667 1.177821 
-1.525102 0.037835 1.175641 
1.531887 0.170735 -0.563297 
-0.748610 0.039469 -0.698435 
-0.585358 0.100641 1.237204 
-1.546528 -0.112371 1.132643 
1.115784 0.308958 -0.878829 
0.802210 0.131443 -0.958168 
0.572352 0.063701 1.429081 
1.220132 0.268925 -0.877256 
1.484535 0.183465 -0.625359 
-0.477433 0.053938 -0.696744 
-0.200336 0.081792 1.540934 
1.313157 -0.002855 1.249445 
-0.350574 0.127736 1.304486 
1.243957 0.039643 1.249331 
0.903748 -0.084232 -0.516286 
0.086566 0.124841 1.538945 
0.745455 0.041430 -0.520967 
1.165799 0.017848 1.244835 
0.954915 -0.070035 -0.511611 
-0.337153 -0.029031 -0.967954 
-0.083341 -0.129634 -0.579584 
0.636714 0.044480 -0.690036 
0.641893 0.045952 -0.683967 
-0.478361 0.119085 1.294828 
-1.787250 0.073798 1.127530 
-1.278598 0.173831 -0.520991 
-1.565388 0.031782 1.180759 
-0.642602 -0.068019 -0.572575 
1.102989 0.203576 -0.619798 
1.188369 0.232153 -0.623428 
-1.860435 -0.072852 1.129352 
0.637765 0.076463 -0.966421 
-0.130150 0.132322 1.535788 
-0.874088 0.178216 -0.760836 
-1.004992 0.074214 -0.758465 
0.940497 0.126044 -0.687585 
0.038448 -0.054321 -0.959584 
-0.201801 0.084359 1.539291 
0.057695 -0.061273 -0.876595 
-1.850574 -0.026055 1.183059 
1.287375 0.123377 -0.619399 
1.013563 0.052233 -0.684944 
-0.446788 -0.041767 -0.578252 
-0.217782 -0.076505 -0.816572 
-1.032967 0.111282 -0.526067 
-0.117917 0.159771 -1.515318 
1.341183 0.032089 1.306141 
0.553212 0.058378 -0.967774 
1.270884 0.047805 1.298616 
-0.768573 0.217041 -0.964563 
-0.078112 0.252898 -1.523313 
-0.683300 0.052250 -0.752484 
0.071915 0.016573 1.534027 
-0.784890 0.141694 -0.967635 
1.111423 0.227699 -0.690097 
0.226584 -0.021355 -0.818615 
1.154875 0.230382 -0.691371 
-0.809010 0.013005 -0.633329 
-0.726958 -0.027806 -0.628781 
0.847031 0.041787 -0.507498 
-0.361104 0.038551 -0.751456 
0.942466 0.065459 -0.505149 
-1.258991 -0.134743 1.088136 
-0.279204 0.209888 -1.564745 
-1.279545 -0.069002 1.422342 
-0.752880 0.091233 -0.958196 
1.683661 0.209479 1.199560 
0.792079 0.016579 -0.690292 
1.638217 0.195053 1.193670 
1.515860 0.114982 1.153311 
0.605008 0.026222 1.300450 
1.225638 0.202958 -0.508872 
-0.247091 -0.085566 -0.886505 
0.572676 0.035800 1.301418 
1.434796 0.056852 1.201783 
0.000849 -0.141432 -0.568515 
-0.624841 -0.019031 -0.690667 
-1.423662 0.063579 1.343883 
1.426809 0.139606 1.150341 
-0.461638 0.011335 -0.693108 
0.343342 0.012129 1.295660 
-0.911520 0.080411 -0.820595 
0.170704 -0.042034 -0.564639 
-0.388105 -0.014859 1.233148 
0.855853 0.098498 -0.743493 
0.861394 0.064130 -0.742712 
0.859570 0.063319 -0.743677 
-0.138951 0.265253 -1.529293 
-0.436439 -0.010874 1.234570 
-0.200037 -0.026972 -0.628847 
-0.064079 0.142318 1.526268 
0.772369 0.001357 -0.758312 
-0.183532 -0.143722 -0.691261 
0.913071 0.051426 -0.744353 
-0.548068 0.147303 -0.819686 
0.917058 0.052938 -0.745349 
-0.068361 -0.137755 -0.683840 
-0.403813 0.103907 -0.810479 
-0.366003 0.094045 -0.818954 
1.550810 0.081760 1.363892 
1.546212 0.081589 1.367483 
0.308001 -0.155321 -0.563490 
-1.570254 -0.130269 1.087122 
-0.314968 0.153732 -1.545339 
0.666952 0.072114 1.141452 
0.417722 -0.163327 -0.565727 
-0.907956 0.115574 -0.537974 
-0.134033 0.034087 -0.810134 
0.054095 0.007303 1.522379 
0.047325 0.007705 1.527325 
-0.624974 -0.051140 1.290255 
-0.826443 -0.012756 -0.518682 
0.116053 0.031437 1.524062 
0.728762 -0.086595 -0.566736 
-0.864114 -0.032798 -0.518093 
0.484231 0.125345 -0.870793 
0.516195 0.099528 -0.866219 
0.640278 -0.142199 -0.566953 
-0.199747 0.007193 1.518021 
-0.689737 -0.078334 -0.519733 
1.365936 0.189163 -0.739228 
-0.890394 -0.063497 1.235049 
-0.999687 0.110670 -0.532833 
0.490427 -0.060443 -0.684386 
0.620527 0.109030 -0.880271 
0.347038 -0.117429 -0.684102 
1.119124 0.143942 1.364574 
1.056764 0.011632 -0.563495 
0.346783 -0.155529 -0.618048 
0.944988 0.160604 1.434451 
-0.830106 -0.035662 1.231653 
-0.824937 0.009335 1.292389 
0.759917 -0.027800 -0.686725 
0.807488 0.180055 -0.809770 
-0.298169 0.232461 -1.572351 
0.780666 0.016266 -0.688781 
0.851858 0.216717 -0.871064 
0.966111 0.229887 -0.805279 
-1.875685 0.073008 1.080461 
-0.896670 0.049794 1.227306 
-0.249457 0.138742 1.139904 
0.721698 0.151067 1.434145 
1.799111 0.078950 1.104344 
0.414562 -0.038577 -0.762022 
1.831688 0.085014 1.103137 
0.729180 0.137236 1.356643 
-0.386085 0.081289 1.139598 
1.119073 0.242209 -0.949453 
0.935270 0.174857 -0.875522 
0.187031 0.165854 -1.129376 
0.825399 -0.062934 -0.620753 
-0.145975 -0.122178 -0.741247 
0.436893 0.048940 -0.971664 
0.879803 -0.069900 -0.617395 
-0.269430 0.121585 1.189524 
-1.081204 0.053162 -0.528140 
1.056349 0.244261 -0.805659 
1.074024 0.248957 -0.809506 
0.288622 -0.051239 -0.761052 
0.629697 0.043726 -0.695261 
-0.271928 -0.074188 -0.955759 
-0.973908 0.179900 -0.696851 
-0.250578 -0.075691 -0.959531 
-0.936241 0.158496 -0.690053 
1.195805 0.172571 -0.808346 
0.155006 -0.049937 -0.508852 
0.170489 -0.055871 -0.506197 
1.215213 0.278889 -0.875126 
0.161297 -0.009532 -0.746619 
-0.774065 0.064166 -0.570203 
-0.799358 0.146086 -0.686773 
-0.570994 0.095070 1.180748 
-0.160738 0.080031 1.430405 
-0.050745 -0.102199 -0.954399 
-0.310643 0.109396 1.428960 
0.289193 -0.050229 -0.745773 
1.317447 -0.017449 1.192258 
0.341167 -0.021216 -0.511670 
0.370711 -0.048313 -0.743344 
-1.410173 -0.084391 1.232590 
0.170995 -0.063275 -0.948846 
0.736339 0.044311 -0.554475 
0.750786 0.050301 -0.561011 
-0.248073 -0.054272 -0.812361 
-1.311916 -0.092985 1.281360 
0.452923 0.028660 -0.676555 
1.008724 0.115963 -0.556771 
0.958051 0.073615 -0.555291 
-0.557932 0.111275 1.350421 
-0.550298 0.018873 -0.828923 
-0.352988 -0.015045 -0.875216 
-0.690235 0.103130 1.350134 
-0.033655 -0.088738 -0.802757 
-1.047773 0.183879 -0.749161 
-1.091863 0.087287 1.420353 
-0.715168 0.098505 1.352572 
-0.765770 0.089584 1.351935 
0.676328 0.003050 -0.506725 
1.079434 -0.000165 1.143636 
1.075868 -0.000465 1.141998 
0.952105 0.129928 -0.681434 
1.203839 0.220691 -0.560224 
0.975985 0.053301 -0.678673 
-0.861531 0.166872 -0.750347 
0.093215 0.012698 1.512920 
1.249648 0.036408 1.429016 
0.241390 0.124235 -1.083508 
0.291292 -0.028426 -0.809681 
-0.251000 0.033333 -0.703276 
-0.931964 0.076193 -0.750967 
1.163752 0.060934 -0.553219 
0.234843 0.025898 -1.079235 
1.350286 0.251214 -0.559690 
1.042878 0.028002 1.428907 
0.106273 -0.066776 -0.872588 
0.978712 0.046551 1.138726 
0.581606 -0.070118 -0.802341 
-0.429337 0.050287 -0.953559 
0.306382 0.177410 -1.085024 
0.943884 0.047221 1.134252 
0.432013 0.121517 -1.133984 
0.045419 0.128991 1.092411 
1.279406 0.201608 -0.817318 
0.806371 -0.057921 1.138383 
0.548429 0.065332 1.186748 
1.277910 0.211473 -0.822056 
1.274410 0.214411 -0.824536 
-0.773049 -0.026125 -0.569646 
0.681831 -0.008056 -0.865741 
1.475259 0.304049 -0.629252 
-0.957217 0.087844 -0.809350 
0.422388 -0.019741 1.184288 
0.795636 0.011698 1.359733 
0.142212 0.130879 1.502333 
0.789962 0.010650 1.431542 
0.735006 -0.054085 1.147331 
1.455543 0.312258 -0.626059 
-0.381486 0.001930 -0.577818 
1.652347 0.166692 1.301451 
-0.135313 0.136495 1.092006 
-0.825964 0.025510 -0.689808 
-0.646555 0.163223 -0.809957 
-0.648700 0.036333 -0.805292 
0.841648 0.271290 -0.943259 
0.487953 -0.027498 1.131730 
0.108591 0.151853 -1.391134 
1.393345 0.302381 -0.624521 
1.393184 0.306134 -0.634700 
0.775469 0.017604 -0.727138 
-0.741948 0.093028 -0.873477 
0.161061 0.048042 1.502079 
1.475561 0.083118 1.247212 
-0.605620 0.087281 -0.702218 
0.179982 0.070583 1.495289 
1.239749 0.106694 -0.611521 
0.166394 0.153650 -1.390388 
0.612134 0.192340 -0.950621 
0.084989 0.008024 1.502219 
1.483956 0.188861 1.300072 
0.027394 0.006493 1.505105 
-0.230214 -0.106668 -0.678677 
-0.399713 -0.022143 1.181386 
1.392904 -0.029948 1.093685 
-0.391261 0.074338 -0.870328 
-0.388941 0.070765 -0.869892 
-0.361237 -0.039748 -0.566139 
-0.009023 -0.108913 -0.679771 
1.347458 -0.025418 1.094887 
-0.019759 -0.125934 -0.686307 
0.965428 0.060923 -0.738218 
0.687831 0.082790 -0.943286 
0.692674 0.080152 -0.938435 
0.120679 -0.014675 -0.682799 
-0.872044 0.008918 -0.624146 
1.247783 0.133193 1.246780 
0.215635 -0.057743 -0.680636 
-0.682325 -0.024683 1.417427 
1.217794 0.139656 1.242854 
0.303837 -0.003578 -0.681777 
0.789370 0.106657 -0.941619 
1.321322 0.149071 -0.493630 
1.098866 0.002532 -0.518373 
1.211113 0.181070 -0.734028 
-0.672084 -0.026484 1.341440 
1.213457 0.177871 -0.739464 
1.442620 0.189146 -0.502525 
0.308252 -0.084070 -0.677262 
0.303163 0.112152 -0.868376 
0.404720 0.060726 -1.077168 
-1.058804 0.000382 1.495402 
-1.014902 0.082723 1.409386 
-0.312042 -0.016977 1.134181 
0.220588 0.002445 -0.561867 
0.906766 0.035982 1.091427 
0.768189 -0.063203 1.096639 
0.170348 -0.099419 -0.558278 
-0.422810 -0.044378 1.133051 
-0.545712 0.042949 1.180521 
-0.512353 -0.021870 -0.738676 
-0.278784 -0.076427 -0.947364 
-0.498601 -0.027715 -0.743514 
-1.231202 0.038140 -0.515013 
-0.193735 -0.049112 -0.949064 
1.137215 0.285604 -0.799493 
-1.145338 0.007032 1.496148 
-0.932136 0.062452 1.341732 
-1.115463 0.085197 1.409678 
-1.258087 0.082325 1.407605 
-0.672462 0.125954 -0.703616 
-1.300321 -0.069698 1.417650 
0.095079 0.002911 -0.614539 
1.170653 0.176141 -0.798122 
1.185330 0.177274 -0.794306 
-1.086794 -0.064702 1.341146 
0.999171 -0.033594 -0.528559 
0.252704 -0.029114 -0.945599 
-0.780114 -0.023904 -0.508869 
-1.383355 -0.063231 1.414523 
-0.704205 -0.113529 1.131169 
-0.053894 -0.000353 -0.738439 
-0.386161 0.270287 -1.392358 
-1.486110 -0.043818 1.414289 
0.606825 -0.066772 1.095443 
-1.054325 0.196193 -0.684953 
-0.347528 0.133814 1.291651 
-0.664167 -0.070586 -0.513471 
-1.381083 0.075952 1.411391 
0.664486 0.019255 -0.557337 
0.241208 0.158764 1.235781 
-0.587369 -0.025880 1.133915 
-0.076185 0.265852 -1.386695 
0.592385 0.056144 1.091958 
0.081562 -0.112912 -0.611616 
1.020204 0.089920 1.504995 
0.736612 -0.087830 -0.553892 
0.118764 -0.111835 -0.612841 
-1.186730 0.000628 1.344618 
-0.042722 0.282276 -1.390231 
-0.646347 0.206597 -0.949719 
0.614529 -0.146344 -0.558932 
-0.266124 0.096098 1.236051 
-0.497594 0.010367 -0.514346 
-1.481080 0.046541 1.407244 
-0.456427 0.024021 -0.508560 
0.912604 0.263530 -0.865331 
-0.932011 -0.070589 1.128825 
0.071856 -0.124260 -0.734597 
0.113863 0.011853 -0.799916 
0.554031 -0.077891 -0.612854 
1.406543 0.042657 1.296355 
-0.509534 0.082014 -0.683236 
0.973500 0.248264 -0.867012 
1.415343 0.032025 1.240230 
-1.266649 -0.139513 1.173973 
-1.275790 -0.133084 1.180844 
0.030484 0.010938 1.089729 
-0.476297 0.133839 -0.946494 
0.707877 0.060671 -0.631155 
1.002370 -0.005709 -0.612041 
0.834095 0.130594 -0.861424 
0.971900 0.156558 -0.887267 
-1.476533 -0.059653 1.343311 
-1.135638 0.156492 -0.562298 
-0.139497 -0.140574 -0.502670 
0.616779 -0.077508 -0.725596 
-1.154085 0.187716 -0.625160 
-1.059058 0.196973 -0.628755 
-0.207425 0.056305 -0.943113 
1.071978 0.282869 -0.865988 
0.892993 0.103108 -0.673879 
-0.178587 0.063060 -0.941535 
-1.217954 0.157424 -0.624593 
-0.772422 0.065285 -0.704831 
-0.018619 0.010707 1.494089 
0.602802 -0.076978 -0.793699 
-0.935291 0.208615 -0.808304 
0.977639 -0.037203 1.234480 
-0.235336 -0.047148 -0.765459 
-0.761253 0.213172 -0.810968 
-0.242001 -0.040841 -0.764431 
0.416240 0.063510 -0.936905 
-0.282973 0.068925 1.490236 
-0.977509 0.085496 -0.798002 
-0.793845 0.120196 -0.620534 
-0.812018 0.163801 -0.733487 
0.503782 0.044069 -0.936411 
-1.503163 -0.040586 1.175714 
-0.521439 -0.067638 1.087151 
-0.619762 0.062288 -0.613155 
-1.527857 0.032410 1.169430 
-0.919491 0.067618 -0.806081 
1.223701 0.145720 -0.665161 
-0.393107 0.052825 -0.611989 
-0.059870 -0.130931 -0.860708 
0.882905 -0.000198 1.240128 
-0.523671 0.055625 1.080468 
0.247069 0.203412 -1.233145 
-0.433146 0.196261 -0.979720 
0.932678 0.230637 -0.824972 
1.452157 0.204763 -0.670894 
-0.813048 0.149419 -0.710277 
1.186000 0.061920 -0.547169 
-0.870448 0.021533 -0.687443 
0.806333 0.242061 -0.935877 
-1.034787 -0.014758 1.487326 
0.828962 0.263793 -0.936371 
-1.405747 -0.036102 1.127095 
-1.439501 -0.032232 1.121008 
0.905512 -0.084962 -0.492252 
-1.820389 -0.075351 1.172475 
1.359188 0.259168 -0.551844 
0.678074 0.006984 -0.521440 
-0.936788 -0.083552 1.083423 
-1.331824 0.161186 -0.509509 
1.132789 0.284573 -0.935068 
0.350019 0.057832 -0.729798 
1.167119 0.226393 -0.604645 
1.550362 0.290193 -0.573313 
-0.651124 0.066873 1.278345 
1.113664 0.057009 -0.603358 
-0.843985 0.218780 -0.873146 
-0.685844 0.089315 1.414914 
-0.372347 0.009128 -0.944594 
0.560422 0.045327 -0.724769 
-0.734302 0.050571 1.274541 
-0.912583 0.140486 -0.869295 
-0.964507 -0.093025 1.282793 
-0.408715 -0.013273 1.228431 
-1.172810 -0.024778 1.483985 
-0.850945 0.098208 1.413085 
0.699231 0.064246 -0.724119 
-0.725315 0.198146 -0.869830 
-0.593502 0.090800 -0.980574 
-0.101810 -0.074884 -0.941759 
-0.889277 0.091235 -0.510173 
-0.893802 0.091422 -0.506157 
0.740952 0.136698 1.355557 
1.030572 0.228602 -0.729459 
-1.320122 -0.229235 1.082708 
-0.109615 0.240859 -1.381601 
-1.801852 -0.068379 1.124335 
0.187771 -0.006421 -0.676306 
-1.872352 -0.066316 1.123802 
-0.554365 0.013706 1.227904 
0.785283 0.110462 -0.790771 
-0.470152 -0.028652 -0.760185 
-0.369384 0.053795 -0.862528 
0.083427 -0.132729 -0.673290 
1.131772 0.281658 -0.727441 
-0.538271 -0.045157 -0.610850 
0.109751 -0.137238 -0.670443 
-0.756218 0.042458 1.221307 
1.518296 0.122398 1.195385 
1.514566 0.125678 1.192394 
1.478648 0.131540 1.191749 
1.087891 0.037520 1.419407 
0.234165 0.157450 1.351309 
0.012223 0.040183 -0.856537 
0.044772 0.046492 -0.855656 
-0.579477 -0.061502 -0.559323 
-0.580061 -0.069951 -0.555790 
1.195071 0.066874 -0.490565 
1.386325 0.133471 1.191893 
-0.721515 0.094210 -0.981721 
1.388365 0.224615 -0.488953 
1.175166 0.176528 -0.790037 
-0.166103 -0.021072 -0.610689 
1.197201 0.196187 -0.722248 
-0.516111 0.002463 -0.762581 
-1.189577 -0.003494 1.279274 
-0.886185 0.053262 1.225269 
1.157917 0.084523 1.184710 
1.116705 0.087454 1.500851 
0.569044 0.037544 1.416062 
1.111562 0.095796 1.499315 
1.345860 0.169819 -0.722774 
-0.814987 0.093507 1.338066 
0.558440 0.080235 -0.824266 
-0.659432 0.002369 -0.735592 
-1.375063 -0.084813 1.273929 
-0.115708 -0.049048 -0.554111 
-0.103760 -0.045629 -0.555848 
-0.850909 0.139584 -0.640836 
-0.279904 -0.030951 -0.799524 
-0.064907 -0.123509 -0.607937 
1.405848 0.055139 1.351802 
1.571837 0.154775 1.142455 
1.338504 0.039235 1.352093 
-0.755913 -0.046776 1.407510 
1.030841 0.095361 1.503349 
-0.950785 -0.026819 -0.504769 
-0.453484 0.212316 -1.124815 
-0.921779 -0.037054 -0.501238 
0.399267 0.137338 -1.235633 
-0.628152 0.009717 1.413147 
-1.258796 -0.114678 1.219726 
-0.986401 0.174834 -0.680088 
-0.779733 0.017853 -0.502034 
0.125410 0.008771 -0.795786 
-0.441358 0.168977 -0.932565 
-0.714690 0.034957 -0.504697 
0.171128 -0.106728 -0.606224 
-0.669836 0.027710 -0.501878 
1.367726 0.258963 -0.755903 
-0.636384 0.074028 1.406127 
0.939009 0.146010 -0.857076 
-0.149698 -0.141837 -0.726485 
-0.662350 0.102000 -0.675866 
-0.369504 0.202518 -1.131732 
0.296128 -0.035825 -0.794072 
0.871398 0.088885 1.496112 
0.491126 0.165623 -1.234306 
0.395017 -0.004094 -0.789179 
0.211238 0.005856 -0.726038 
0.461165 -0.116304 -0.600978 
0.148562 0.086371 1.179990 
0.823720 0.036632 1.344997 
-0.113370 0.070952 -0.929960 
-1.828909 -0.061013 1.069674 
0.598781 0.043891 -0.661906 
-0.054642 0.057448 -0.931501 
-0.412429 0.019758 -0.501939 
-0.375832 -0.016474 -0.500756 
0.643293 0.016778 1.343271 
-0.397987 -0.093759 -0.494245 
0.649166 -0.096014 -0.605039 
0.737161 -0.035903 -0.788882 
0.661045 0.038203 -0.887113 
-1.675802 0.071161 1.271327 
0.724487 -0.050114 -0.604683 
0.318545 0.116307 1.131082 
0.440690 -0.025374 -0.729034 
-0.917723 0.208953 -0.798709 
-0.477169 -0.000514 -0.863419 
-0.446858 0.080269 1.183934 
1.443382 0.305461 -0.656418 
-1.151323 0.186579 -0.615911 
-0.140295 -0.146936 -0.494578 
-0.273753 0.011511 1.336719 
-1.105026 0.187720 -0.617870 
1.079903 0.222129 -0.666390 
0.657941 -0.080406 -0.729524 
-0.151383 -0.071132 -0.858406 
0.924249 0.293893 -0.929421 
-0.759932 0.137525 -0.798491 
1.616527 0.049556 1.181029 
0.153302 -0.029968 -0.493703 
-0.459439 0.000294 1.338156 
1.148233 0.196008 -0.759780 
0.183511 -0.088018 -0.492862 
-1.118241 0.055205 -0.641373 
-1.483710 -0.053566 1.405056 
-0.715324 0.126730 -0.795205 
-0.967750 0.065126 -0.733567 
-1.788071 -0.067020 1.221652 
-0.345590 0.167646 -1.296558 
1.462938 0.115917 1.090732 
-1.072106 0.166149 -0.560547 
-0.417929 0.101236 -0.789628 
-1.495185 0.042179 1.403917 
-0.342591 0.086753 -0.791640 
1.502578 0.135556 1.093573 
0.860466 0.214212 -0.931564 
-0.744255 0.149038 -0.730191 
0.485478 -0.122425 -0.495395 
0.531931 0.016865 -0.497348 
-0.832360 -0.011377 1.336936 
-1.195523 0.113273 -0.648548 
1.435318 0.078925 1.423088 
-0.634440 -0.016736 -0.673794 
0.606309 0.039393 -0.600775 
0.660290 -0.006006 -0.500183 
0.279469 0.074854 -0.785927 
-0.605561 0.116555 -0.729027 
0.321819 0.060951 -0.787049 
0.464103 0.085482 1.085657 
1.243405 -0.001981 1.133946 
0.357328 0.025222 -0.787997 
-0.756984 0.213165 -0.860450 
0.844778 0.050121 -0.594486 
1.226629 0.045236 1.131561 
-0.341221 0.003837 -0.665262 
1.731440 0.168974 1.238427 
0.786755 0.047665 -0.547454 
1.404966 0.295417 -0.601326 
0.511694 0.001130 1.175985 
0.652255 0.061603 -0.781441 
1.092301 -0.004550 -0.496969 
-1.070828 0.039330 1.339383 
-1.317006 0.170065 -0.502756 
-0.025924 -0.017890 -0.665610 
0.003753 -0.019247 -0.662170 
-0.818861 0.076754 -0.858760 
0.001569 -0.094018 -0.664870 
0.798300 0.121090 -0.786626 
1.170376 0.210986 -0.572333 
-0.105841 -0.156977 -0.663917 
1.465257 0.077462 1.244138 
1.010918 0.126126 -0.779147 
-0.921550 0.001859 1.483254 
1.207158 0.307813 -0.754559 
0.858818 0.082839 -0.722964 
0.981084 -0.068281 1.131393 
-0.203354 0.141789 1.080479 
1.148042 0.202686 -0.578570 
-1.379097 -0.080835 1.337578 
1.203998 0.309374 -0.781208 
0.113003 0.045664 1.175130 
1.662600 0.041354 1.087869 
1.143696 0.291674 -0.756347 
-0.262568 0.050371 -1.120319 
-0.821875 -0.008440 -0.604896 
-0.142861 0.124126 -1.388312 
1.396010 0.279753 -0.488420 
-0.703328 0.162417 -1.039885 
-0.694244 -0.034802 -0.606950 
1.465935 0.293148 -0.486715 
1.331693 0.260925 -0.786498 
0.336145 -0.131117 -0.659789 
1.381684 0.301976 -0.718511 
-0.198668 0.054099 -1.182094 
-1.468774 0.070069 1.323609 
-1.142571 0.030804 -0.553626 
1.166615 0.216254 -0.720340 
-0.386038 -0.031585 -0.789949 
0.539357 -0.041530 1.130125 
-1.104638 0.065213 1.475575 
-1.122606 0.061164 1.476976 
0.951534 0.274667 -0.895052 
-1.595023 0.071493 1.330014 
-0.117430 0.226969 -1.289469 
-0.093306 0.236444 -1.296430 
-0.546016 -0.008313 -0.555269 
-1.273710 0.013496 1.480394 
-0.197870 -0.021343 -0.603773 
-0.967553 0.086764 1.406251 
0.360892 0.137532 1.230983 
-0.584136 -0.096338 -0.546552 
-0.075641 -0.163590 -0.525405 
-0.314533 -0.027080 -0.721724 
0.052640 0.033120 1.126497 
-0.815531 -0.114550 1.173218 
-0.284397 -0.056112 -0.549105 
0.434429 0.124461 -0.921113 
0.174742 -0.118133 -0.785443 
-0.128460 -0.033712 -0.980260 
-0.506322 0.074331 -0.664385 
0.523037 -0.069492 1.083034 
-0.297386 0.040939 -0.662379 
0.331748 -0.015577 -0.784692 
-0.105982 -0.153019 -0.542694 
0.094876 -0.104270 -0.601392 
0.172823 0.284974 -1.381165 
-0.452867 -0.049929 1.124930 
1.117563 0.066140 1.492852 
-0.125678 -0.139246 -0.527394 
0.673230 0.200857 -0.924562 
0.743089 -0.033521 -0.783435 
1.437343 0.053320 1.227847 
0.580917 0.128468 -0.921440 
0.841082 0.075297 -0.651840 
-0.255761 0.051081 -0.836639 
0.930858 0.108667 -0.655753 
0.836687 0.070222 -0.843248 
0.146374 -0.046031 -0.547231 
0.726147 -0.049110 -0.776213 
0.963433 0.118716 -0.842880 
-0.611487 0.096475 -1.042239 
-0.985529 0.191579 -0.796237 
1.030099 0.128560 -0.843600 
1.060551 0.116777 1.495041 
1.392511 0.176086 1.346050 
0.565324 0.058055 1.084193 
1.046518 0.126718 1.492910 
-0.464160 -0.018017 1.277317 
0.279768 0.024297 -0.725258 
0.285910 0.011966 -0.720554 
-0.192125 -0.137802 -0.528489 
1.233836 0.005436 1.229162 
0.317521 -0.019353 -0.546875 
1.046885 0.199396 -0.656769 
0.352527 -0.009440 1.080768 
1.252270 0.247964 -0.845920 
0.926152 0.068283 1.492026 
0.456492 -0.062568 -0.703140 
-0.425705 0.021935 -0.493705 
1.177560 0.167476 -0.845669 
-0.192678 0.071512 1.401636 
0.352951 -0.168207 -0.535193 
0.910616 0.084499 1.494897 
-0.383095 -0.004610 -0.500103 
1.278308 0.258403 -0.656601 
-0.465800 -0.083075 -0.486940 
-0.589086 -0.027160 1.272287 
0.124330 0.006798 1.080512 
-0.686732 0.082195 -0.788457 
0.611209 0.008739 -0.545872 
-1.460342 -0.109173 1.167702 
1.123289 0.141485 1.347079 
1.295941 0.156922 -0.649769 
0.853365 0.086615 1.493578 
0.652866 -0.081833 -0.715272 
0.936027 0.142157 1.347771 
0.909728 0.153618 1.344563 
-0.915096 -0.088564 1.121220 
-1.358312 -0.007299 1.164720 
-1.098563 0.117397 -0.723455 
-0.166156 -0.129235 -0.485123 
-1.006635 -0.087913 1.117754 
0.303926 0.074656 -0.777001 
0.337907 0.060120 -0.780839 
-0.503941 -0.072814 1.075254 
-0.710596 -0.038599 1.406925 
-0.588384 -0.040341 -0.661031 
0.053624 -0.066181 -0.917568 
1.097853 0.008132 -0.537871 
-1.227981 0.072467 -0.608808 
-0.786464 0.173624 -0.727148 
-0.284167 0.019420 1.073823 
0.408804 0.016681 1.227829 
0.157773 -0.084921 -0.484069 
-0.382186 -0.027690 -0.660562 
0.183901 -0.091601 -0.490016 
0.027692 -0.114472 -0.920538 
-0.951245 0.156356 -0.612004 
0.313012 0.015802 1.220290 
-1.088899 0.153541 -0.550968 
-1.029360 0.165962 -0.547859 
-1.052483 0.115726 -0.549917 
0.807544 0.072699 -0.770459 
0.182932 0.155413 -1.122309 
-0.711579 0.066230 -0.724593 
-0.708246 0.095799 -0.925704 
-0.716424 0.059158 -0.717443 
-0.471264 0.034031 -0.596503 
-1.164282 -0.028819 1.269713 
-0.622300 0.029100 -0.830791 
0.976426 0.038185 1.482298 
-0.151497 0.113306 -1.291940 
-1.399337 -0.073656 1.394079 
-1.241499 0.032467 1.265730 
0.237699 0.191402 -1.132592 
-0.539100 0.076198 -0.921906 
0.160846 -0.000532 -0.659704 
0.166538 0.026620 -0.886622 
0.742866 0.057887 -0.588820 
-1.335245 -0.088054 1.267033 
0.181363 -0.094049 -0.657787 
0.816187 0.052044 -0.593392 
-0.713480 -0.066086 1.216360 
1.721885 0.075892 1.186702 
-0.653026 0.166322 -0.855067 
0.433709 0.036541 -0.708104 
-0.386068 0.126286 -0.917750 
-0.497203 0.111129 1.335953 
-0.857873 -0.138169 1.079077 
-0.897750 -0.116323 1.079639 
0.457391 0.018950 -0.649476 
0.297863 -0.108871 -0.654055 
-0.481354 -0.008056 -0.782579 
0.984417 -0.024234 -0.484781 
0.975361 0.194786 -0.709683 
-0.316646 0.206121 -1.227410 
0.780153 0.052868 -0.711491 
0.247298 0.269397 -1.290782 
1.223848 0.230219 -0.583721 
-0.937209 -0.094305 1.075868 
-0.915356 -0.053282 1.075558 
-0.308130 -0.119228 -0.420130 
-1.537352 0.080617 1.265359 
1.615362 0.270414 -0.340472 
1.624323 0.155039 -0.338216 
-0.779856 -0.010607 1.076088 
1.757243 0.247319 -0.341317 
0.196554 -0.092870 -0.410996 
0.210747 -0.038340 -0.418212 
1.475804 0.178625 1.181152 
0.324662 0.002677 -0.413340 
1.447596 0.166268 1.187122 
0.084498 -0.090351 -0.092528 
-0.792225 0.041439 1.213757 
1.456686 0.169573 1.179682 
-0.943455 -0.065990 -0.354079 
-0.923817 -0.055537 -0.350780 
0.138192 0.125711 -1.127835 
0.498800 -0.010039 -0.411991 
0.355062 -0.114394 -0.409255 
0.635690 0.011101 -0.410822 
-0.562489 -0.052184 -0.345514 
0.444825 -0.130645 -0.091447 
-0.652018 0.055328 -0.580225 
0.747184 -0.078590 -0.407326 
-0.823775 0.035625 1.471413 
-1.344139 0.163598 -0.492999 
0.679407 -0.133694 -0.412584 
-1.072881 -0.152769 1.074565 
0.587035 -0.069749 -0.096833 
-1.370385 0.078719 -0.495031 
-0.424449 -0.000517 -0.537471 
1.675578 0.097531 1.285769 
1.150386 0.168891 1.412485 
-1.455772 0.106011 -0.422936 
0.790605 -0.006420 -0.092557 
0.749119 0.009822 1.339815 
0.836918 -0.031206 -0.097014 
0.844725 -0.039222 -0.093619 
-0.915674 0.056500 1.474013 
-0.159304 -0.045168 -0.350132 
-0.097260 -0.047547 -0.349428 
0.957237 -0.009215 -0.090792 
-0.017101 -0.074960 -0.344932 
-1.328993 0.065388 -0.166951 
-0.712305 0.196431 -0.834183 
-1.192324 0.020766 -0.224334 
1.387931 0.108568 -0.148704 
0.711095 0.081846 1.177102 
-0.062017 -0.145807 -0.347173 
-0.051917 -0.151677 -0.346084 
0.535590 0.015418 1.334752 
1.839891 0.142045 1.136216 
1.111729 0.003097 -0.093783 
0.069935 -0.056358 -0.342277 
-1.051666 -0.034650 -0.223929 
1.215586 0.174184 -0.477272 
-0.238155 0.046877 -0.893564 
-1.297511 -0.075349 1.070792 
1.565462 0.186109 -0.148014 
0.184489 -0.080400 -0.341494 
1.219297 0.145319 -0.402283 
-1.251500 -0.044956 1.467928 
0.479430 0.100139 1.175598 
1.240650 0.053752 -0.476240 
-0.776220 -0.017105 -0.223917 
1.160670 0.089733 1.284978 
1.194439 0.112717 1.280861 
1.676413 0.102664 -0.138645 
1.166126 0.099102 1.283694 
0.314506 0.122116 1.174689 
-1.463572 0.009730 1.214406 
1.388452 0.084023 -0.403512 
-0.792939 -0.096818 -0.225540 
-1.482198 0.014243 1.209087 
0.183309 -0.003434 -0.708624 
-0.229161 0.280717 -1.512411 
-0.372140 0.068736 -0.894966 
-1.472009 0.049392 -0.170017 
-0.165921 0.081717 1.174645 
-1.372453 -0.042497 -0.164577 
-1.188278 0.037715 -0.494572 
1.469850 0.154209 1.130290 
1.395984 -0.043085 -0.032686 
-0.151610 0.283779 -1.508447 
-0.318357 0.123165 1.403513 
-1.310142 -0.032676 1.464812 
0.873036 0.099085 1.285183 
-1.785261 -0.020646 1.069675 
-0.932154 0.140220 -0.590959 
-0.784699 0.109269 -0.831195 
-0.340121 0.118989 1.172511 
0.132059 0.231200 -1.297984 
-1.369898 0.007565 1.465865 
0.016575 0.019791 -1.181490 
-1.661091 0.044017 1.205022 
-0.318346 -0.215025 -0.213589 
-0.983345 0.035555 -0.292513 
1.012323 -0.061421 -0.334282 
1.618889 0.046472 1.178172 
0.442773 0.140308 1.275206 
-0.712860 0.079957 1.326897 
-1.057305 -0.161779 -0.159825 
1.662501 0.202985 -0.078701 
-0.991587 -0.070522 -0.294281 
0.433620 0.096664 1.123670 
-1.808020 0.038450 1.210417 
-0.664804 -0.079368 -0.485185 
1.499922 0.077923 -0.019971 
1.779744 0.259246 -0.085048 
1.285839 -0.032023 1.178806 
-0.891365 -0.057809 -0.415097 
1.690435 0.071643 1.233783 
1.165212 0.067356 1.487810 
1.626893 0.174312 -0.026357 
-0.803752 -0.069398 -0.410563 
1.725839 0.225814 -0.024114 
-0.883687 -0.001510 1.321323 
-0.915478 -0.038927 1.331432 
-0.938870 0.051593 1.321006 
-0.735093 -0.038800 -0.282917 
-0.495945 -0.085683 -0.486599 
-0.524483 -0.054647 -0.281037 
-0.492973 0.118330 1.269487 
-0.371302 0.055285 -0.764498 
1.066282 0.152151 1.479352 
-0.571765 -0.131389 -0.413965 
0.935850 -0.063027 1.168953 
1.035428 0.146051 1.484281 
-0.694563 -0.073943 -0.534469 
-0.361737 -0.079409 -0.485718 
-1.117275 0.087378 -0.354417 
-1.572508 0.010356 -0.104530 
-0.612037 0.079373 1.271822 
-1.035576 0.121152 -0.592613 
-0.425691 -0.097739 -0.484221 
0.532192 -0.045971 -0.214512 
-1.361457 0.041567 -0.103200 
-1.362677 0.039021 -0.099678 
-0.104233 0.085241 -1.032262 
-0.311908 -0.082144 -0.152963 
-0.493672 -0.155260 -0.280005 
-0.766227 0.215914 -0.831662 
-0.749969 -0.055512 -0.531034 
1.233554 0.117121 -0.328851 
-0.266585 -0.125371 -0.411808 
-0.000584 -0.150670 -0.475619 
1.245726 0.125579 1.231617 
-0.204594 -0.075858 -0.155949 
-0.176935 -0.028376 -0.415221 
0.567516 0.021949 1.171471 
-1.382980 -0.002207 -0.040250 
0.798873 0.102978 1.486095 
-1.253084 0.061707 -0.586842 
-1.330176 -0.154159 -0.040824 
-0.376405 0.151187 -1.513423 
-0.726534 0.088525 -0.899930 
-0.050579 -0.091767 -0.157704 
0.033454 0.129362 -1.291784 
-0.046651 -0.138142 -0.404585 
-1.405073 0.045562 1.318268 
-0.604763 -0.019950 1.390576 
-1.421060 0.054122 1.323011 
0.351659 0.101660 1.076216 
0.442445 -0.012752 -0.477289 
0.818433 0.018162 1.274342 
0.815972 0.098415 1.225312 
0.299790 0.071654 1.077014 
0.280347 0.078324 1.082532 
1.577709 0.247895 -0.332321 
0.077340 -0.050707 -0.414227 
1.235543 0.026817 1.123623 
-0.791562 -0.174802 -0.097235 
0.213506 -0.089945 -0.279860 
0.061856 -0.179160 -0.405275 
0.693026 0.009812 -0.475910 
0.534193 0.076304 1.225563 
0.709273 0.021500 -0.477235 
0.111609 -0.168844 -0.406236 
0.184933 -0.103460 -0.407632 
-0.569997 0.172161 -0.902288 
0.546190 -0.128855 -0.470359 
1.221868 0.050045 1.477373 
1.374512 0.007421 -0.206423 
0.334801 0.003116 -0.406543 
-0.970070 -0.051478 1.392828 
-0.091547 0.193553 -1.238498 
0.676064 -0.167140 -0.469866 
-0.652744 -0.112212 -0.093058 
-0.164675 0.095048 -1.080306 
0.667391 -0.169863 -0.474012 
-0.261705 0.146017 -1.513175 
1.095788 0.036159 1.479258 
0.901129 -0.083072 -0.476927 
-1.649365 0.078136 -0.223441 
0.399917 -0.152134 -0.147349 
0.984409 0.307785 -0.977795 
0.412191 -0.111943 -0.405830 
0.473601 -0.199021 -0.275337 
-0.138403 0.059580 1.164628 
-1.039378 -0.057441 1.388702 
-1.251865 0.060249 -0.221423 
0.621778 -0.029636 -0.280713 
-0.361307 0.080850 1.073680 
-0.292030 -0.003695 1.161848 
0.909445 0.044935 1.124030 
0.668082 -0.006181 -0.151165 
0.829729 0.044349 1.126258 
-0.694232 0.196952 -0.902350 
0.794296 0.066101 1.478088 
-1.042241 0.066753 1.388048 
0.764671 -0.029835 -0.268973 
0.534770 -0.119159 -0.402166 
-0.465974 -0.037095 1.162575 
-0.912525 -0.019403 -0.536073 
-0.432475 0.101084 1.215143 
-1.093283 0.119110 -0.485335 
-1.296671 -0.058589 1.392208 
0.908065 0.306219 -0.979343 
-0.633176 -0.061698 1.162719 
-0.282015 -0.081327 -0.030816 
-0.291609 -0.194342 -0.086945 
0.842781 -0.100926 -0.400959 
-0.347757 -0.206181 -0.033516 
1.728164 0.280480 -0.204913 
1.202432 0.016975 -0.401310 
-1.512314 -0.063710 1.391985 
-0.686079 0.078643 -0.769018 
-0.659027 0.060316 1.265692 
-0.067940 0.044121 1.469077 
1.610608 0.263784 -0.205799 
1.130185 0.004599 -0.149808 
-0.711931 -0.011441 -0.338343 
-0.537935 0.037960 1.163306 
1.072761 -0.019720 -0.268933 
-1.370516 0.164113 -0.424054 
1.087666 -0.001571 1.074711 
-0.009945 -0.238036 -0.085726 
-0.679835 -0.133909 -0.339669 
1.211268 0.153119 -0.467499 
1.161391 0.163008 1.339357 
-0.456361 -0.051390 -0.336717 
-0.421339 -0.069762 -0.342325 
-0.793766 0.062951 1.260925 
1.809983 0.162877 -0.204498 
1.036205 0.118693 1.342260 
0.937638 -0.072158 -0.576758 
0.972598 0.037241 1.079353 
-1.569328 0.030162 1.382797 
-1.334913 0.097547 -0.289984 
1.187795 0.080132 -0.469076 
-1.290871 0.104193 -0.284095 
-1.522586 0.018116 -0.225511 
1.269840 0.065509 -0.470115 
-1.179550 0.066734 -0.286313 
1.519143 -0.004278 -0.142420 
0.929419 0.030829 -0.268055 
1.169688 0.034738 -0.388961 
0.936268 0.036393 -0.268943 
-0.794376 0.044566 1.465202 
0.747082 -0.017152 1.221126 
-1.184525 0.011602 -0.219230 
-1.260228 -0.069931 -0.217899 
-0.840646 0.057636 1.463728 
0.655324 0.131644 1.334181 
-1.546215 0.138652 -0.158126 
1.472205 0.194385 -0.268096 
1.469450 0.191219 -0.265600 
0.473116 0.165626 -0.976433 
-0.129227 -0.045901 -0.342115 
0.060034 0.016715 1.119079 
1.226795 0.176964 1.401390 
1.305039 0.065142 -0.463612 
0.002499 -0.073268 -0.339945 
-1.056892 -0.156183 -0.214483 
0.376732 0.233725 -1.178876 
-0.124152 0.007205 1.117038 
-1.329935 0.060929 -0.159674 
0.425667 0.005551 1.220709 
1.644942 0.307545 -0.394623 
0.292556 0.096542 1.330368 
-1.111799 -0.026688 1.155950 
1.383896 0.103801 -0.137403 
1.648003 0.289943 -0.266628 
1.726588 0.303778 -0.268288 
-1.185717 0.026330 -0.480235 
-1.194418 0.023399 -0.480812 
-1.175247 0.026520 -0.486331 
1.586689 0.260925 -0.269751 
-0.801851 -0.110935 -0.213832 
-0.263983 0.000907 1.112685 
1.678889 0.224925 -0.134045 
0.319072 0.050400 1.073596 
0.529175 0.128648 1.397235 
1.389503 -0.051657 -0.022523 
-1.361746 -0.097932 1.263963 
-1.383305 -0.097671 1.265907 
-0.741874 -0.101700 -0.211917 
1.660385 0.096321 -0.138754 
0.324721 -0.009665 -0.334220 
-0.723669 -0.094666 -0.214559 
0.993354 -0.011010 -0.083727 
-0.458338 0.057503 1.111134 
-0.032330 0.062046 -1.229342 
1.744882 0.138412 -0.135051 
-0.671011 0.019394 -0.476711 
0.027647 0.008924 1.068434 
-0.892465 -0.058765 -0.409570 
1.885438 0.225057 -0.134074 
-1.332291 -0.031396 1.460602 
-0.502696 -0.034473 -0.212905 
-1.368573 0.000489 -0.287101 
1.881698 0.196554 -0.134431 
-0.398562 -0.195274 -0.207110 
-1.499037 0.077413 -0.038644 
-1.572640 -0.107160 1.157685 
-1.664108 -0.069738 1.257446 
-1.743284 -0.063529 1.155422 
-0.106706 -0.157423 -0.202175 
-0.095648 -0.164460 -0.206675 
0.753088 -0.054312 -0.576731 
-0.483294 -0.097194 -0.473176 
-1.060272 -0.038916 -0.148638 
-0.626547 0.043752 1.114576 
-1.222377 -0.090503 -0.150444 
0.827376 -0.003399 -0.331865 
-1.756469 0.039569 1.256414 
-0.757426 -0.043684 -0.275899 
0.023543 -0.089767 -0.207558 
-1.876902 -0.023524 1.149167 
-0.619093 -0.111677 1.067434 
1.592486 0.008329 -0.082478 
-1.858629 0.047371 1.150532 
0.255862 -0.058954 -0.204451 
0.787128 -0.154355 -0.326961 
-0.791953 -0.018031 -0.144849 
0.850179 -0.135101 -0.325241 
1.937995 0.202470 -0.020124 
-0.653660 -0.152484 -0.276859 
1.676902 0.169453 1.279487 
-1.090473 -0.128618 1.204362 
1.749409 0.068367 1.180779 
-0.165021 -0.164221 -0.395803 
-1.010415 -0.095249 1.112707 
-0.806436 -0.118998 -0.146642 
0.876973 0.030829 1.397012 
0.328365 0.068814 -1.037295 
-0.894865 -0.025652 1.114215 
-1.491509 -0.041251 -0.038378 
-0.221099 -0.083412 -0.277057 
0.185088 -0.094297 -0.399147 
-1.178976 0.009801 1.211344 
0.477656 0.107405 -1.122169 
0.131635 -0.131679 -0.393064 
0.421059 -0.017711 -0.466766 
0.619442 -0.075387 -0.201491 
-0.247227 -0.091986 -0.273647 
-0.584615 -0.139738 -0.148301 
1.539233 0.178930 1.174016 
0.477718 0.000055 -0.468793 
1.783909 0.183808 1.177735 
0.247839 0.003272 -0.897945 
-1.305635 -0.129937 1.207188 
0.468757 0.275758 -1.228866 
-0.272516 -0.229647 -0.268575 
0.692911 -0.124419 -0.205524 
1.654053 0.193785 1.176381 
-0.980303 -0.150890 1.063563 
0.042636 -0.066663 -0.267580 
1.048965 0.094796 -0.704165 
-0.027305 0.197478 -1.372267 
0.752961 -0.088269 -0.467537 
0.233271 -0.034513 -0.272146 
-0.200935 0.069633 1.390815 
-0.777841 -0.011984 1.067328 
-0.627813 -0.023972 1.324867 
1.451272 0.163955 1.171322 
0.653369 -0.170546 -0.466442 
-1.099598 -0.244831 -0.030494 
0.840568 -0.080969 -0.464481 
0.236961 -0.106870 -0.271077 
-1.708191 -0.003236 -0.093614 
0.981455 0.001327 -0.470802 
0.055130 -0.071831 -0.895373 
0.371396 -0.040332 -0.267167 
-1.624090 -0.004687 -0.096618 
1.073851 -0.054848 -0.197292 
0.007308 -0.105926 -0.143451 
0.005245 -0.105981 -0.143194 
-0.871176 -0.086070 -0.032852 
0.370523 -0.169301 -0.264800 
-0.191291 0.133065 -1.376136 
-1.455435 -0.232876 1.070318 
1.299988 0.135921 -0.635022 
1.348434 -0.006214 -0.203227 
0.731510 -0.028094 -0.264971 
1.475935 0.008693 -0.200467 
-0.714315 -0.065188 -0.034281 
-1.333225 -0.098424 -0.089947 
0.845870 0.065291 1.170622 
0.621724 -0.142551 -0.266289 
-1.138363 -0.134689 1.061381 
-1.560842 0.143597 -0.213061 
-1.467751 0.084764 -0.408112 
-1.098001 -0.061568 1.324085 
-1.494182 0.132044 -0.212970 
-1.463211 0.112281 -0.219876 
0.998598 0.021568 1.465582 
0.841294 0.041930 -0.463263 
-1.587104 0.037740 1.205457 
1.435726 0.070449 -0.319238 
1.491924 0.218232 -0.634949 
1.183438 0.042351 -0.197031 
-1.230448 -0.168127 -0.090759 
0.997630 0.054630 -0.464148 
1.492189 0.236616 -0.637626 
1.593207 0.253742 -0.325467 
-0.856635 0.050790 -0.405472 
-1.769756 0.070529 1.197911 
1.648730 0.169036 -0.315503 
-0.814180 0.045604 -0.403900 
-1.037763 -0.169060 -0.083969 
-1.059869 -0.177946 -0.084115 
-1.005269 0.064155 1.381851 
0.957131 0.037585 -0.385245 
0.714701 0.056300 1.463349 
0.723085 0.066546 1.469692 
0.744698 -0.132662 -0.131270 
1.006270 0.059496 -0.388193 
1.266985 0.195557 -0.463129 
-0.020968 -0.211579 -0.023437 
-1.536810 0.147682 -0.280441 
-1.903313 -0.041009 1.106005 
1.130625 0.160513 -0.530038 
-1.400908 0.020302 -0.341353 
-1.572856 -0.142856 1.061289 
-1.150570 -0.036625 1.381996 
0.813666 0.275635 -1.035082 
-1.343714 0.097008 -0.284468 
1.421994 0.231106 -0.393195 
-1.251271 0.099944 -0.283220 
-1.211593 -0.033827 1.377203 
1.257453 0.003989 -0.138692 
-1.482360 0.079242 1.311579 
-1.488382 0.079427 1.315619 
0.211975 -0.062777 -0.020702 
-1.533115 0.078437 1.314749 
1.661007 0.067028 1.223979 
1.717826 0.270126 -0.195655 
-1.634979 -0.072689 1.310680 
-0.442856 0.109823 -0.986157 
1.108413 -0.122639 -0.137247 
-1.374117 -0.062684 1.382251 
1.378563 -0.011988 -0.135948 
-1.009440 -0.036676 -0.340484 
-0.990461 -0.060770 -0.338587 
-0.456510 0.142671 -0.982583 
1.733519 0.137853 -0.191509 
0.404905 -0.037886 -0.764516 
-1.738368 0.070147 1.051806 
1.448741 -0.012014 -0.131224 
1.436960 0.043877 1.169758 
1.342499 0.125636 -0.260454 
1.618804 0.308270 -0.459180 
-1.691079 0.119583 -0.154522 
-1.437950 0.075529 1.376989 
-0.765432 0.028578 1.458999 
-0.247572 0.155684 -1.291299 
1.618358 0.198596 1.224058 
1.710747 0.202714 1.124842 
-0.374310 -0.189636 -0.083594 
0.517447 -0.024530 -0.025057 
0.519356 -0.025289 -0.021590 
-0.660626 -0.136290 -0.330994 
1.309546 0.304762 -0.703210 
1.494463 0.153372 1.120887 
0.932268 0.058263 -0.520175 
-1.151070 -0.012149 -0.209118 
0.244341 0.012435 -0.582397 
-1.118835 -0.022479 -0.209527 
-1.078296 -0.021777 -0.215037 
1.610439 0.210397 -0.260431 
-0.042918 0.266342 -1.508608 
-1.002652 -0.001604 -0.479736 
1.094779 -0.024810 -0.019741 
-1.170441 -0.145416 -0.209392 
-0.376971 -0.066246 -0.330247 
1.454094 0.066374 1.401999 
-0.274067 -0.057106 -0.333841 
1.253898 0.286907 -0.708937 
1.508934 0.133073 1.400223 
-0.817699 0.010601 -0.471613 
-0.029501 0.263550 -1.506464 
-0.881109 -0.025207 -0.477999 
1.054561 -0.155498 -0.015791 
-0.964646 -0.030333 -0.208174 
1.695604 0.176322 1.078623 
0.767203 0.258630 -1.179299 
0.193615 -0.069960 -0.082033 
0.471726 0.018849 1.267725 
-0.242577 -0.057121 -0.333291 
1.614057 0.075822 -0.124685 
1.223791 0.178067 1.397527 
-0.727738 0.001990 -0.398385 
0.930935 0.094971 1.221840 
0.258150 -0.181231 -0.075001 
1.887080 0.226581 -0.131138 
1.365388 -0.075710 -0.014345 
-0.228930 -0.198175 -0.325185 
-0.610333 -0.120967 -0.464852 
0.150097 0.151493 1.117251 
1.254486 0.162838 1.333203 
-0.445034 0.001972 -0.468841 
1.556686 -0.025641 -0.017461 
0.036020 0.096873 1.112372 
-0.660232 -0.125443 -0.205383 
-0.949691 0.032041 -0.275827 
0.425411 -0.156256 -0.076951 
-1.795320 0.069492 -0.037054 
-0.465578 -0.042434 -0.393229 
0.045904 0.078264 -1.225874 
-0.989460 -0.076660 -0.270768 
-0.366254 -0.050289 -0.395769 
-0.275270 -0.074158 -0.468688 
-1.484571 0.070428 -0.029283 
0.441599 0.109674 1.216595 
-1.345642 0.048529 1.450339 
-1.105749 -0.039937 -0.145239 
0.873334 0.153835 1.325656 
0.111511 0.149982 1.069930 
0.610285 0.195069 -1.121911 
-0.171743 0.004374 1.154786 
-0.174619 0.004101 1.157361 
0.644633 -0.084868 -0.071726 
-1.159364 -0.157056 -0.146561 
0.740498 0.119721 1.332084 
0.536639 -0.119286 -0.076739 
0.678156 0.126421 1.330891 
-0.493630 -0.051277 -0.271587 
0.910025 0.031521 -0.702339 
-0.092615 0.144233 1.064055 
-0.969410 -0.053056 -0.141335 
-0.250446 0.083651 1.212207 
-0.715452 0.045517 1.251879 
1.641704 0.040789 1.120076 
-0.265159 0.095334 1.211470 
0.467505 -0.175481 -0.318874 
0.455441 -0.183771 -0.325180 
-0.282379 0.134667 1.208827 
1.115187 0.068283 -0.635915 
1.572043 0.021829 1.124204 
-0.292877 -0.227807 -0.197395 
-0.272012 -0.235811 -0.194766 
1.693876 0.094482 -0.004841 
0.038059 0.157622 -1.373152 
-0.119196 -0.098171 -0.584166 
0.062279 -0.165363 -0.458735 
1.938195 0.270199 -0.008858 
0.839555 -0.096574 -0.077695 
0.364224 0.122956 1.327000 
-0.547536 0.107782 1.208438 
1.501112 0.046334 1.121260 
0.284660 0.083848 1.324126 
0.128251 -0.153334 -0.198164 
1.195500 0.159212 1.468068 
1.477521 -0.030285 1.075385 
1.340659 -0.027647 1.116688 
0.926815 0.138580 -0.702371 
-0.528809 0.003375 -0.836333 
-0.691925 -0.100781 1.152750 
1.486824 0.056029 1.390144 
1.212252 -0.031616 -0.073932 
-0.654442 -0.075125 1.154511 
-1.532108 -0.058520 -0.024227 
1.242696 -0.014572 1.218428 
1.297820 -0.005961 1.071913 
0.647777 -0.006755 -0.460425 
1.334613 0.045599 1.068331 
0.229044 -0.072100 -0.258106 
-1.093344 -0.087070 1.258142 
-0.424519 -0.026891 -0.140898 
0.427205 0.068351 -1.074665 
-0.565618 0.029173 1.154968 
0.442552 -0.029128 -0.388634 
0.062601 -0.181818 -0.258127 
-0.695330 0.041100 1.149750 
-1.487030 0.152266 -0.334460 
0.946963 0.029848 1.385562 
-1.515796 0.145351 -0.341180 
-1.139566 -0.062425 -0.026696 
0.220202 0.089184 1.458350 
0.451789 -0.067533 -0.267126 
0.820063 -0.081541 1.069946 
0.289202 0.218678 -1.226024 
0.834140 0.024343 -0.701510 
0.822789 0.029457 1.391536 
0.829079 0.032540 -0.702379 
-1.175911 -0.168800 -0.022728 
0.911741 -0.071433 -0.461740 
0.896657 -0.053909 1.068953 
-1.349055 0.167336 -0.471695 
-1.291512 0.168365 -0.475158 
-0.909454 -0.076861 -0.025846 
1.317512 0.051053 -0.068067 
0.718910 -0.027949 -0.259119 
-1.219820 0.057277 -0.333430 
1.368239 0.071628 -0.067660 
-0.766869 -0.064980 -0.022995 
0.572831 -0.173635 -0.260137 
0.569796 -0.174790 -0.257461 
-0.150484 -0.120451 -0.767214 
1.062670 -0.072938 -0.195870 
-0.856013 -0.098544 -0.025429 
1.601683 0.175848 -0.066535 
0.552480 -0.074235 1.071143 
0.733788 0.039798 1.118017 
0.847039 -0.011049 -0.260063 
1.186001 0.105442 -0.316389 
0.742650 0.038234 -0.453027 
-0.218993 0.061972 1.377740 
1.792551 0.263760 -0.067395 
0.777202 0.041203 -0.450852 
0.423891 -0.037151 -0.135435 
0.831750 0.039077 -0.449841 
-0.588927 -0.061129 -0.023529 
1.281833 0.061421 1.465771 
-0.498162 0.047151 1.375640 
0.788888 -0.166446 -0.254334 
-0.763247 -0.153223 -0.019680 
-1.667647 0.086490 -0.206658 
-1.069289 0.086768 -0.540382 
-0.534947 -0.094506 -0.017035 
1.145620 -0.003560 -0.255042 
-1.148714 -0.130018 1.151117 
-0.336916 -0.007947 1.204648 
1.521260 0.102849 -0.312515 
0.896399 0.107662 -0.698406 
-0.351274 -0.073145 -0.026112 
0.488607 -0.034116 1.112599 
-1.042488 0.118708 -0.537484 
0.654350 -0.122135 -0.125227 
0.438837 -0.055714 1.070686 
1.850710 0.157358 -0.064924 
0.825782 0.006426 -0.126358 
0.827476 0.048602 1.324942 
-1.458706 0.120827 -0.271541 
1.770501 0.194241 -0.311236 
-0.761472 0.154730 -0.989009 
-1.794768 -0.000647 1.247322 
1.541874 0.052723 -0.184220 
-0.023917 0.204115 -1.503458 
0.176739 0.017527 1.064894 
-0.432624 -0.214425 -0.017801 
-0.302146 -0.228162 -0.015268 
-1.459075 0.018419 -0.331876 
-1.049468 0.156089 -0.537825 
-0.004577 -0.219423 -0.010875 
1.417309 0.201636 -0.451058 
-0.935691 0.070759 1.371747 
1.710526 0.140828 1.271042 
-0.026265 0.017715 1.064915 
0.810099 0.241476 -0.897478 
-1.138498 -0.048938 -0.332217 
0.221461 -0.062931 -0.982738 
0.212989 -0.171454 -0.015836 
1.598168 0.060769 1.274791 
-0.164079 -0.007557 1.112885 
-1.008610 -0.135612 1.201043 
-0.180543 -0.003660 1.106572 
-0.381448 -0.060397 1.061575 
-0.203766 0.005770 1.106939 
-1.017712 -0.027123 -0.327734 
1.504316 0.130372 -0.376522 
1.490744 0.118300 -0.375926 
0.429485 -0.039263 -0.015480 
1.424588 0.026980 -0.248695 
1.646562 0.298522 -0.456536 
-0.355981 -0.026984 1.061037 
1.386084 -0.022062 -0.124527 
1.670456 0.290199 -0.249546 
-0.349322 -0.027129 1.112233 
-0.267687 0.028562 1.058994 
-0.400202 -0.052687 1.110191 
-0.804457 0.036855 -0.329370 
-1.697924 0.120671 -0.143651 
-1.336219 0.036253 -0.468275 
-0.503264 -0.030065 1.314731 
-0.757608 -0.008989 1.446478 
0.565948 -0.105507 -0.011498 
-0.754928 0.002792 1.448542 
-0.738732 -0.014064 -0.325237 
-1.496322 0.130887 -0.142823 
-0.966868 -0.196781 -0.077438 
-0.608229 -0.106758 1.106557 
-1.176654 -0.004320 -0.202841 
-0.628002 -0.114683 1.067291 
-0.752148 0.059040 1.445929 
1.819449 0.232434 -0.248625 
-0.891110 -0.025254 -0.464333 
0.689357 0.057293 -0.697835 
-1.346755 0.069736 1.371339 
-0.549233 -0.055368 -0.077967 
-1.255476 -0.000391 1.192018 
1.016018 0.130106 -0.834241 
-1.125771 -0.018192 -0.392843 
0.900962 0.070069 1.265406 
-0.653063 0.028957 1.107096 
1.866120 0.294308 -0.125658 
-1.000661 -0.041777 -0.389828 
-0.682540 0.014930 -0.456607 
-0.463224 0.240925 -1.173353 
-0.473383 -0.168939 -0.319520 
-1.324507 0.005581 1.196018 
-0.819169 -0.001578 1.310902 
-0.686839 -0.008179 -0.386200 
-0.678240 -0.008330 -0.388454 
1.660210 0.065361 1.170545 
-0.300736 -0.194400 -0.069117 
-0.906177 -0.017627 1.317435 
-1.803494 0.070684 -0.024328 
-0.986163 -0.091520 1.103667 
1.504162 0.087132 1.391270 
-1.695357 0.117874 -0.025525 
-0.651484 -0.125528 -0.196611 
-0.294279 -0.024434 -0.462222 
-1.012736 -0.035736 -0.265774 
1.788713 0.189469 1.168069 
-0.570738 -0.160509 -0.191768 
-0.560723 -0.152169 -0.195840 
-1.621224 -0.083891 1.198698 
-0.448816 -0.041444 -0.197467 
1.528220 0.088405 -0.004070 
-0.744792 -0.054655 -0.256596 
-0.163121 -0.231581 -0.066149 
-0.099900 -0.147304 -0.322673 
-1.121994 0.060431 1.307385 
0.169205 0.105370 1.259653 
1.226678 0.177025 1.385200 
0.783659 0.294913 -1.078465 
-0.041902 0.278451 -1.367814 
-1.036105 -0.138497 1.107820 
0.070859 -0.053970 -0.319265 
-1.277161 -0.176373 1.057998 
-0.007272 -0.042035 -0.986146 
-0.464847 0.025667 -0.585417 
-0.228233 -0.128988 -0.381706 
-1.839422 -0.034483 1.190191 
0.420243 -0.038846 -0.071631 
-1.850389 0.008541 1.195887 
-1.458661 0.003094 1.442653 
-0.413124 0.122238 1.253182 
-0.525297 -0.056630 -0.588795 
-1.464848 0.009797 1.439352 
-0.096918 -0.157755 -0.386692 
-0.469952 0.117404 1.259587 
-1.803498 0.062866 1.191279 
-0.329292 -0.214710 -0.197839 
-1.063864 -0.159666 1.060768 
1.940220 0.179094 -0.000595 
-0.879429 -0.053400 -0.139588 
0.061966 -0.221332 -0.068746 
-0.032727 -0.078915 -0.257317 
0.308415 0.005488 -0.450717 
-0.196239 -0.216374 -0.252870 
0.899093 0.162867 1.384465 
0.371814 -0.015678 -0.459229 
-0.089849 -0.031121 -0.983301 
1.304653 0.141955 1.457149 
-0.616202 0.155102 -1.121135 
0.508163 0.007933 -0.450760 
-0.773199 -0.137305 -0.135974 
0.288974 -0.022772 -0.187570 
1.150238 0.034827 1.258054 
0.333141 -0.032327 -0.193772 
0.536020 -0.041680 -0.321407 
-1.387848 -0.027651 -0.016773 
0.546460 0.114403 1.158289 
-1.162057 -0.100968 1.054075 
0.705209 -0.011101 -0.317616 
0.724637 -0.013624 -0.314548 
-1.558315 -0.125368 1.098991 
0.476693 -0.030136 -0.384073 
0.502751 -0.044319 -0.192871 
0.569030 -0.145431 -0.310808 
-1.469689 -0.078413 -0.019420 
-1.571629 0.074681 1.306133 
0.612067 -0.006465 -0.452848 
0.550315 -0.126279 -0.074856 
-1.338886 -0.093568 1.053632 
0.509970 -0.172569 -0.184064 
-1.170256 -0.051938 -0.017382 
0.518951 -0.018524 -0.382927 
0.635552 -0.027844 -0.188563 
0.802473 0.147106 1.459320 
-1.235987 -0.192745 -0.015335 
0.384086 -0.047545 -0.256645 
0.828608 0.016857 1.260296 
0.665358 -0.008551 -0.187206 
0.887558 -0.062647 -0.448931 
-1.090171 -0.252096 -0.009389 
0.464803 0.296838 -1.285330 
0.959148 0.019490 -0.454349 
0.901691 -0.055495 -0.069999 
0.362840 -0.153341 -0.252646 
-0.905785 -0.079128 -0.014697 
1.177116 0.110360 1.211552 
0.640382 0.010507 1.261422 
-0.220175 0.109985 1.382924 
-0.234886 0.133709 1.152727 
-0.155450 -0.188030 -0.126300 
1.221996 -0.029846 -0.061760 
-0.376525 0.108486 -1.174136 
0.895468 -0.058142 -0.376838 
-0.828619 -0.120310 -0.010585 
-0.761313 -0.138781 -0.012189 
0.627695 -0.122261 -0.251918 
0.619196 0.082706 1.453356 
0.609849 -0.148104 -0.246649 
0.931587 0.024431 -0.189466 
-0.594362 0.093720 -0.714183 
-0.890493 -0.201929 -0.013898 
0.790481 -0.150904 -0.176844 
0.678148 -0.132665 -0.244383 
0.171012 0.151474 1.453691 
-0.560136 0.086748 1.152712 
0.954100 -0.104304 -0.181242 
1.346241 -0.054956 -0.061661 
-0.706531 -0.132274 -0.010032 
-1.188611 0.100556 -0.326213 
0.968545 0.002433 -0.378374 
1.295721 0.147063 1.326312 
-1.146124 0.081707 -0.328233 
-0.844898 0.051156 -0.455214 
-0.295870 0.011135 1.249780 
0.909154 0.031244 -0.303064 
0.484180 -0.047313 -0.128031 
0.482072 -0.048837 -0.126051 
-1.931454 -0.057953 1.049550 
1.281034 -0.035422 1.157354 
0.507258 0.028621 -0.897450 
-1.857013 0.072475 1.049268 
-0.303126 0.092406 1.449590 
-1.408049 0.159665 -0.391498 
0.087555 -0.233007 -0.121813 
1.060266 0.100433 -0.441224 
0.572492 -0.071447 -0.120078 
1.749494 0.216334 1.113185 
-0.018580 -0.081688 -0.006172 
-1.513996 0.146991 -0.269049 
-0.517726 -0.007125 1.245500 
1.371819 0.137372 -0.310810 
-1.486652 0.133317 -0.268177 
-1.306420 0.072546 -0.389699 
1.495312 0.092816 -0.064094 
1.308712 0.060001 1.454053 
1.109570 0.053650 1.156337 
0.724554 0.262859 -1.072350 
-1.271869 0.093902 -0.263240 
1.303227 0.061183 1.454646 
-1.508867 0.138552 -0.204726 
-0.502194 -0.247107 -0.010221 
1.256715 0.050708 -0.444794 
-0.275792 -0.255143 -0.004746 
0.944645 0.003416 -0.120837 
-0.738205 0.042307 1.248495 
-0.773911 -0.075917 1.247669 
1.828000 0.225155 1.069110 
-0.821482 0.043595 -0.386313 
1.258973 0.093044 -0.238389 
1.415952 0.058309 -0.303000 
1.070695 0.029665 1.456479 
1.745729 0.084673 1.071732 
0.123915 -0.066029 -0.003791 
-0.976450 -0.090837 1.246976 
0.558163 0.077515 -0.835248 
-0.539510 0.195997 -1.224554 
1.011953 0.170859 -0.979744 
1.534387 0.182077 -0.174829 
1.008474 0.082140 -0.374472 
1.015285 0.082761 -0.372834 
-0.527209 0.107498 1.196126 
0.507808 0.086378 1.108600 
1.341561 0.123007 -0.446875 
1.544903 0.143953 1.075216 
1.419957 0.140201 -0.245536 
1.554262 0.233188 -0.309376 
0.792715 0.060909 1.154052 
1.589095 0.150936 -0.306762 
1.320175 0.166092 -0.377239 
-0.334044 0.204367 -1.118184 
1.158999 -0.119451 -0.115866 
1.262515 -0.019500 1.212187 
0.591130 -0.039782 1.156519 
1.564731 0.202658 -0.179586 
0.432052 0.096823 1.104735 
-1.532224 0.027858 -0.076717 
1.560808 0.115093 -0.304396 
0.714350 0.062870 -0.641453 
1.362754 -0.046609 -0.116632 
0.300734 0.100185 1.316986 
1.589544 0.156232 -0.174403 
1.478586 0.003541 -0.114703 
0.417196 0.087502 1.064203 
1.565521 0.025054 -0.122833 
-1.489834 0.052334 -0.080906 
0.251863 0.052215 1.376997 
-1.491092 0.036454 -0.074963 
-1.688377 0.131770 -0.137506 
0.015195 0.072714 1.115147 
0.370692 0.072700 -0.894982 
-1.194196 0.016322 -0.458545 
1.004308 -0.159173 0.003848 
-0.005228 0.091103 1.107412 
0.209644 0.137503 1.058348 
-1.662648 0.041119 -0.201060 
0.272588 0.018795 1.150921 
-1.045440 -0.005176 -0.455977 
1.392484 0.093975 -0.113231 
0.249653 0.020437 1.153282 
1.310409 0.070876 -0.118069 
1.332053 0.075884 -0.115278 
-1.263309 -0.022452 -0.261082 
-0.100729 0.094960 1.110553 
-1.443156 0.030915 -0.393435 
0.883714 0.174935 -1.070657 
-1.154451 0.037139 1.245036 
1.844605 0.299694 -0.115995 
0.516335 0.049688 1.199594 
-1.006195 -0.051173 -0.319280 
1.185613 -0.130327 0.002022 
-0.486933 0.096527 -1.119799 
-1.384076 -0.042959 -0.197219 
-1.141545 -0.174027 -0.067559 
-0.785381 -0.046283 -0.452126 
1.640526 0.205571 -0.118303 
0.397698 0.002664 1.203244 
0.390966 0.005858 1.203785 
1.293784 -0.065150 0.001186 
1.346182 -0.081654 0.005568 
-0.332940 0.114217 1.058950 
-0.961715 0.026248 -0.259780 
-0.800389 0.038238 -0.390302 
-0.663544 -0.036092 1.370083 
1.507552 -0.006280 0.004502 
-0.206142 -0.009654 1.146994 
1.550144 0.025758 1.110505 
0.211757 0.005971 1.198920 
1.555877 0.008041 1.068389 
-1.140293 -0.026120 -0.190596 
-0.555995 -0.020498 -0.456182 
-1.102834 -0.030929 -0.196915 
-0.878618 0.056302 -0.717497 
1.608799 -0.015307 -0.002423 
1.490572 -0.020624 1.062509 
-0.939955 -0.091207 -0.256693 
-0.706712 -0.076465 -0.069426 
-0.637233 -0.034848 -0.072526 
-0.751713 -0.115458 -0.378887 
-0.474087 0.256588 -1.233803 
1.114775 0.273072 -0.765844 
-1.700111 0.012643 -0.138578 
1.322654 -0.023692 1.111900 
-0.693034 -0.101991 -0.069844 
-1.576497 -0.066645 1.238407 
-0.688010 -0.099627 -0.067365 
0.938106 0.052927 1.316402 
-0.665665 -0.095439 -0.071768 
-1.559368 0.040481 -0.131928 
1.378326 0.049328 0.008297 
1.510379 0.076066 0.005469 
0.716443 -0.002990 1.315297 
-0.493125 0.070770 1.144700 
0.573641 0.060837 -0.986742 
-1.288000 0.002506 -0.135439 
-0.252479 -0.021965 -0.378735 
-1.124874 -0.040176 1.361533 
-0.935898 -0.033468 -0.190098 
-0.348348 -0.107526 -0.452920 
-0.490611 -0.078431 -0.067799 
1.070084 -0.005553 1.113756 
-0.267288 -0.208899 -0.314855 
-0.433052 -0.168555 -0.246755 
-1.010979 -0.111944 -0.189353 
-0.263852 -0.082787 -0.063280 
1.474035 0.160226 -0.581682 
-0.111259 -0.048043 -0.311102 
1.594107 0.139217 0.003827 
-0.220633 -0.104175 -0.449975 
-1.195326 0.084492 1.435426 
-0.054906 -0.073850 -0.249762 
0.825826 -0.079993 1.108883 
-0.219951 -0.210766 -0.241367 
-0.063186 -0.058376 -0.374766 
0.154263 0.045758 -0.895482 
-0.660786 -0.037304 -0.192214 
-0.260829 0.050495 1.308161 
0.226485 0.001880 -0.309112 
0.218847 0.001990 -0.445686 
0.105941 -0.161287 -0.311323 
-0.740813 0.023730 1.143666 
0.158705 -0.114402 -0.446179 
1.940056 0.167449 0.009692 
-1.801858 0.034357 -0.017253 
-0.483620 -0.024983 1.309880 
0.360531 -0.167663 -0.537122 
0.126913 -0.101043 -0.244199 
0.430603 -0.024146 -0.445659 
-0.971836 0.067981 -0.716370 
-0.623392 0.077858 -0.648248 
-0.853536 -0.152960 -0.127047 
1.358948 0.107047 1.454641 
-1.386276 -0.035643 -0.010716 
0.403486 -0.042918 -0.055384 
-0.664216 -0.019129 -0.124787 
-0.576612 -0.054544 -0.121243 
0.299193 -0.148097 -0.529294 
0.426434 -0.173806 -0.368158 
0.430667 -0.173997 -0.369339 
0.345349 -0.134600 -0.247817 
-0.844148 -0.002510 1.146170 
-0.703120 -0.117742 -0.127370 
0.457462 -0.198838 -0.246871 
-0.265238 -0.234466 -0.180237 
1.161522 0.140441 1.254609 
-0.546087 -0.141195 -0.119452 
0.562958 -0.132915 -0.372190 
-1.146137 -0.129195 1.145472 
0.898902 0.122989 1.259096 
-0.272354 0.249157 -1.228334 
0.819530 0.097550 -0.767777 
0.722326 -0.032089 -0.059323 
0.570969 0.028381 1.059015 
0.514312 0.016436 -0.530005 
0.841588 0.155718 1.448578 
-0.454315 -0.161737 -0.119144 
0.688906 -0.144728 -0.241652 
-1.064233 -0.097411 1.303833 
-0.322741 -0.210313 -0.120220 
0.434993 -0.043896 -0.182951 
-0.113805 -0.033196 -1.033689 
-1.445949 0.011321 1.189824 
-1.636404 -0.021100 1.359879 
1.024111 -0.070289 -0.303180 
0.293536 -0.144419 -0.180112 
0.794192 -0.074702 -0.056473 
-0.827819 -0.100614 -0.003962 
0.375596 -0.024450 1.058841 
0.357779 -0.163650 -0.183715 
-1.494182 -0.004325 1.189827 
-0.040506 0.061164 1.101362 
0.608680 0.093203 1.448153 
-1.291942 -0.140376 1.144946 
1.023455 -0.014183 -0.369711 
0.842668 -0.155625 -0.241939 
-0.781356 -0.117344 -0.002829 
-0.195714 -0.194493 -0.115478 
0.866403 -0.111244 -0.372997 
-0.884689 -0.179713 -0.005097 
-0.004224 -0.108007 -0.115401 
-1.432865 -0.152851 1.146263 
1.205994 -0.009399 -0.365309 
1.244996 -0.004531 -0.372406 
-1.544768 0.133860 -0.320867 
0.023978 0.255665 -1.494962 
-0.746997 -0.117030 -0.005685 
1.191881 -0.001223 -0.059089 
1.155422 0.058430 -0.577009 
-0.558391 -0.229503 -0.004487 
-1.331825 0.056045 -0.385319 
1.457967 0.186658 1.376784 
-0.565108 -0.094689 1.098989 
-1.736425 0.064150 1.184798 
-0.395859 -0.202676 -0.002080 
-1.809255 -0.066760 1.187989 
0.848076 0.167631 -0.770924 
-1.115042 0.103878 -0.381999 
-1.091172 0.095421 -0.384791 
-1.671763 -0.078612 1.142343 
0.980852 0.061992 -0.302898 
-1.724731 -0.069532 1.136934 
0.774283 -0.151591 -0.178906 
0.860401 0.177158 -0.771712 
0.842907 -0.120263 -0.179836 
0.838760 -0.130693 -0.180507 
-1.454721 0.061425 1.297676 
-1.475479 0.077979 1.300047 
1.762411 0.094961 1.207359 
1.054294 0.068475 -0.361537 
-0.133839 -0.258127 0.002931 
0.642378 -0.012334 -0.117733 
-0.480292 0.040411 -0.901597 
1.052053 0.032571 -0.366373 
-1.512925 0.101905 -0.074950 
1.537512 0.087735 -0.236103 
-0.110888 -0.241353 0.003989 
-0.997345 0.071268 -0.650534 
1.117801 -0.063288 -0.179482 
0.426377 0.057776 -0.980820 
-0.569098 0.054695 1.100359 
-0.617710 0.033515 1.094032 
0.132394 -0.066371 -0.006634 
0.165037 -0.064438 0.002650 
0.635028 0.152513 1.375475 
0.842025 0.019343 1.441956 
0.839139 0.018672 1.445858 
0.854342 0.027720 1.445940 
1.693819 0.208441 1.202289 
0.717155 0.021104 1.444133 
0.313713 -0.062529 -0.000905 
1.667517 0.191520 -0.235863 
1.371868 0.003323 -0.173386 
-1.744252 0.002530 1.295528 
0.790827 -0.097345 -0.116277 
-0.446942 0.117460 -1.226549 
0.911004 0.000525 -0.114694 
0.259597 0.112329 1.379769 
1.817139 0.129001 1.159590 
1.590138 0.256892 -0.304440 
-1.245825 0.038108 -0.454202 
0.512439 -0.137031 0.006796 
-1.652030 0.130356 -0.195030 
-0.962810 -0.079932 1.096970 
-0.568846 0.021538 1.046128 
1.428271 0.078955 -0.359201 
-1.572554 0.008133 -0.252073 
1.736549 0.113605 -0.049990 
0.948601 -0.055273 0.006913 
1.726546 0.288408 -0.367305 
-0.801536 -0.011825 1.090231 
-0.959184 -0.044467 -0.447768 
1.273697 0.013398 -0.113280 
0.806776 -0.024338 1.253089 
-1.763589 0.048204 -0.072587 
-0.570116 0.102682 1.368105 
-0.580155 0.106153 1.367281 
-0.723385 0.016779 -0.449882 
-1.078920 -0.029028 -0.246825 
0.457249 0.170503 -0.990676 
-1.409380 0.022777 -0.383277 
-1.060945 -0.049329 -0.248519 
1.466386 0.136110 -0.170770 
1.059512 0.089627 1.207298 
0.538339 0.189937 -1.286440 
-1.218336 0.000364 -0.312948 
-0.525532 0.053190 -0.899649 
-1.527032 0.018145 -0.067751 
-1.134073 -0.131354 -0.247029 
-0.905429 -0.105614 1.053717 
1.468315 0.082339 1.157415 
-0.807733 -0.024950 1.048942 
-1.029268 -0.015377 -0.310585 
-0.771664 -0.013541 1.053564 
1.503813 -0.016865 -0.111463 
1.591900 0.166545 -0.174854 
-0.997432 0.000064 -0.249867 
1.172235 0.098724 1.311972 
-0.496825 0.213954 -1.281789 
-1.371632 -0.077278 -0.064235 
-1.213279 -0.125582 1.093086 
-0.978699 -0.083125 -0.250409 
-0.943840 -0.070833 -0.312457 
-1.489781 0.087183 -0.125553 
-0.799571 0.030355 -0.316785 
-0.763641 -0.043706 -0.243929 
-0.776336 -0.008481 -0.309402 
-1.091269 -0.057316 -0.066643 
0.230053 0.020064 1.245633 
-0.764864 -0.019307 -0.309140 
-0.361063 -0.111248 -0.444995 
-0.316130 -0.108914 -0.443364 
0.514059 -0.064269 -0.708570 
-1.112363 -0.030956 1.095923 
1.866634 0.241600 -0.173144 
1.330500 0.072846 -0.105880 
-0.621575 -0.036702 -0.250749 
-0.572264 -0.037222 -0.249408 
0.369837 0.112826 1.197348 
0.326776 0.130289 1.201310 
-1.052519 -0.172369 1.048006 
-0.939295 -0.077224 -0.060042 
-1.108956 -0.178932 1.048472 
-1.339239 -0.035588 -0.186943 
-0.626374 -0.111887 -0.371553 
0.860812 0.045121 1.371303 
0.584116 0.108524 1.156371 
1.785866 0.276677 0.010712 
1.424059 0.299172 -0.580635 
0.412329 -0.081398 -0.712180 
-0.424848 -0.175025 -0.245229 
-1.194306 0.086216 1.424444 
0.248238 -0.016556 -0.436306 
1.560096 0.103989 0.015896 
0.776013 0.005751 1.375181 
-0.303051 -0.104235 -0.236208 
-1.267055 -0.164846 1.044760 
0.019398 -0.169963 -0.441941 
0.684624 0.019800 1.371927 
0.031273 0.082240 -0.982210 
-1.256031 -0.131785 1.045675 
-0.017293 -0.081873 -0.241561 
0.142076 0.118963 1.150326 
1.955465 0.233429 0.010811 
-1.810596 0.048352 -0.010740 
-0.499947 -0.169968 -0.373250 
-0.095582 -0.140545 -0.236057 
0.170576 0.149968 1.150106 
-0.781478 -0.070433 1.243689 
0.268794 -0.106428 -0.441349 
0.264074 -0.102930 -0.436565 
-0.269538 -0.138140 -0.367958 
-0.815315 -0.002223 -0.185768 
-0.012547 -0.077214 -0.301015 
-0.617785 0.076100 1.189156 
-1.714885 0.034325 -0.128380 
-0.927204 -0.212573 -0.057901 
-0.923506 -0.089422 1.238869 
0.410916 -0.120039 -0.438997 
-0.218444 -0.209851 -0.304090 
-0.161316 0.088297 1.147018 
0.126698 -0.091228 -0.239351 
-0.659774 0.060106 -0.838099 
0.168221 0.118599 1.312542 
-1.546541 0.052150 -0.130783 
-1.811940 -0.055502 1.086706 
-1.556939 -0.024069 1.040596 
-1.590857 -0.002482 1.038664 
0.346530 -0.030866 -0.231838 
-1.900099 -0.068204 1.085302 
0.162898 -0.076127 -0.302874 
-0.783188 0.042980 1.237619 
0.193957 -0.090431 -0.305171 
1.381713 0.105634 1.447948 
-0.643006 0.180656 -0.907337 
1.041250 -0.058482 1.197151 
0.996452 -0.056001 1.201839 
0.382614 -0.165744 -0.229193 
-1.196723 -0.166027 0.002363 
-0.475283 0.117105 1.302758 
-0.744487 0.104389 -0.841570 
-1.426132 0.071634 -0.445943 
-0.809115 0.087849 1.304094 
-0.408887 -0.173499 -0.175324 
-0.249877 0.039479 -0.775601 
-0.892939 0.083617 1.304264 
1.193920 -0.028038 1.152120 
-1.015786 0.100523 -0.444465 
-0.050371 0.187889 -1.225044 
-0.291895 0.113897 -0.996402 
-0.999296 -0.051158 -0.122059 
-0.158158 -0.207398 -0.171740 
0.767097 0.036398 -0.426849 
0.817271 0.035025 -0.430578 
0.734444 -0.019578 -0.301491 
-0.705951 -0.051427 0.000727 
0.643832 -0.121986 -0.297878 
1.082106 -0.021211 1.152221 
1.872597 0.206657 1.060871 
-0.271274 -0.230959 -0.176197 
-0.578133 -0.026911 1.362824 
0.300283 0.019166 1.186548 
0.282527 -0.057298 -0.052053 
-0.510170 0.119536 -1.071809 
0.765657 -0.147112 -0.293508 
0.781246 -0.166039 -0.227643 
0.797908 -0.022320 -0.299571 
-0.835939 -0.145598 -0.115452 
1.314328 0.068125 1.107855 
1.227048 -0.036283 -0.235190 
-0.123785 0.145138 -1.485401 
0.533506 0.025292 1.306441 
1.309851 -0.009858 -0.231637 
-1.165811 0.170251 -0.657234 
1.418086 0.265254 -0.433391 
-1.022948 -0.059530 1.364532 
0.893082 0.012700 -0.369630 
1.367785 -0.004624 -0.231921 
0.097717 0.084111 -1.114603 
1.013769 -0.037780 1.148676 
-1.536798 0.069596 1.233316 
0.948212 -0.010173 -0.366237 
0.904014 0.050995 1.148924 
0.869601 0.052176 1.151955 
-1.252872 -0.061280 1.357086 
0.738665 -0.075810 -0.052815 
-1.240058 -0.043234 1.355651 
-1.436022 0.133495 -0.309258 
0.049254 0.118704 1.101644 
0.255128 0.142144 1.055722 
-0.227036 0.084709 -1.225024 
1.351438 0.066908 -0.425013 
0.103103 0.152284 1.098677 
1.294142 0.014575 -0.365266 
-0.475939 -0.180462 -0.112529 
-0.191270 -0.271389 0.008455 
-0.405215 -0.158096 -0.116122 
0.567277 -0.036703 1.147298 
0.963580 -0.025896 -0.645927 
-1.207597 0.102616 -0.310490 
-0.298445 -0.196733 -0.107312 
-0.192884 0.136020 1.050668 
-1.383690 -0.063115 1.357551 
-0.266671 -0.093613 -0.539152 
1.651856 0.175942 -0.425759 
-0.145914 -0.056617 -0.115735 
-0.364095 0.077084 1.091182 
0.176158 -0.164027 0.011102 
-1.391103 0.065457 1.354893 
-1.402848 0.067457 1.354689 
0.249662 -0.165201 0.008084 
-1.283781 0.041657 -0.445977 
1.247265 0.108242 -0.291453 
0.850572 -0.061578 -0.640388 
-0.115799 0.032616 1.134691 
-0.097084 0.069614 1.137088 
0.907132 0.016214 -0.170730 
0.946198 0.018778 -0.175101 
-0.156617 -0.002977 1.138580 
0.966791 -0.099853 -0.168217 
-0.565849 0.129104 -1.030275 
-1.001841 0.031523 1.291306 
-0.148916 0.065784 -1.220383 
1.365464 0.114744 -0.292129 
1.418548 -0.050228 -0.050600 
-0.456688 0.220131 -0.998997 
1.201527 0.176807 1.376104 
1.104294 0.145656 1.374269 
1.483505 0.081473 -0.293067 
0.369670 -0.039818 -0.113763 
0.393020 -0.036376 -0.111478 
0.803601 -0.062014 -0.642015 
-1.466065 -0.042760 1.292854 
0.919087 -0.095392 0.012966 
0.973778 -0.041029 0.015719 
1.325982 -0.034289 -0.165987 
0.270745 -0.116455 -0.109860 
-0.680974 0.068099 -0.778143 
0.404761 0.073594 1.366011 
0.286380 -0.137290 -0.107411 
0.221775 0.037734 1.360431 
1.073259 -0.041711 0.019327 
1.647594 0.178597 -0.292386 
0.197393 0.040793 1.299007 
-0.179196 0.121234 1.435501 
1.495198 0.003098 -0.164748 
0.136764 0.024889 1.425740 
-0.189722 0.038492 1.422863 
1.311116 0.033145 -0.042369 
1.394103 0.065736 -0.350700 
-1.661611 0.126904 -0.187409 
0.088694 0.125432 1.426983 
0.223027 -0.049504 -0.907172 
1.222212 -0.007364 0.020955 
0.140602 0.092277 1.350399 
1.703068 0.168540 -0.284503 
-0.436310 -0.088192 -0.436759 
-0.167839 0.022269 1.450605 
0.224554 0.038560 1.320690 
0.117416 -0.219880 -0.108636 
-0.561027 0.141583 -1.000648 
0.199174 0.031164 1.402405 
0.200116 0.033723 1.383922 
-1.515907 0.016974 -0.306674 
1.265269 -0.127495 0.022286 
-1.487302 0.015713 -0.306042 
-0.485026 0.227739 -1.041716 
-1.291185 0.054487 -0.182088 
-1.897785 -0.071150 0.849591 
1.622925 0.154753 -0.352787 
-0.842164 -0.099154 0.667756 
1.257980 0.047669 -0.164046 
-1.604529 -0.126322 0.984956 
-0.889483 -0.096472 0.669057 
1.538978 0.177144 -0.162348 
1.781233 0.148420 -0.041577 
-0.869917 -0.009591 -0.238689 
-1.120940 -0.028221 -0.368860 
-0.069725 -0.042889 -0.430178 
-1.772856 0.124932 0.001494 
1.925004 0.178502 -0.038212 
-1.035497 -0.041434 -0.370658 
-1.788991 -0.057344 0.974952 
-0.491464 -0.077595 -0.540095 
-1.453162 -0.106889 0.728816 
-0.244250 -0.109938 -0.437453 
-1.015291 -0.034793 -0.303775 
1.719609 0.152421 0.809175 
-0.929779 -0.046160 -0.305245 
1.085268 -0.056144 1.058811 
-0.827828 0.115573 -0.593799 
-0.840505 0.023185 -0.307124 
-0.830491 0.039748 -0.371716 
1.514863 0.073231 0.025622 
-1.669360 -0.140354 0.919289 
-1.791399 0.046843 0.980924 
-0.085995 0.032118 -1.216015 
-1.377900 -0.245624 0.662067 
0.139893 0.069115 0.797868 
1.635317 0.168227 0.020262 
-1.584511 -0.097358 0.596235 
-0.679156 -0.014713 -0.364846 
0.772744 -0.090620 1.051817 
1.913997 0.241584 0.875361 
-0.374403 0.186883 -1.032448 
-0.872156 0.131139 -0.590705 
1.743051 0.050594 0.871892 
-0.734274 -0.032582 -0.300593 
1.393293 -0.042829 -0.099224 
-1.683189 -0.006819 0.914549 
-1.680760 -0.057703 0.599490 
-1.738415 0.020145 0.907215 
-0.511320 0.231936 -0.993412 
-0.250387 0.130426 -1.073868 
0.321993 0.004594 -0.435821 
0.902174 0.000194 1.056928 
-1.248885 -0.037543 -0.062608 
0.073190 -0.052641 -0.901759 
-1.815018 -0.103091 0.914542 
1.803467 0.192625 0.020985 
-0.675073 -0.154394 -0.300741 
-1.642520 0.133847 -0.121796 
-0.246606 0.108632 -1.068733 
0.402884 -0.098252 -0.425375 
-0.372987 -0.067231 -0.296213 
-1.186039 -0.163164 -0.057071 
-1.873935 -0.078155 0.590082 
-1.507196 0.087404 -0.122035 
1.567060 -0.126291 0.804774 
-1.966672 0.043478 0.980152 
-1.448315 0.013504 -0.185158 
-0.317433 -0.075920 -0.302182 
-0.315926 -0.081621 -0.293105 
0.474590 -0.121378 -0.639331 
1.926579 0.118950 0.997418 
-1.075858 -0.235837 -0.049234 
-1.633275 -0.028191 0.003792 
0.550866 -0.112341 1.048579 
-1.265614 0.027835 -0.175665 
-1.247109 0.001720 -0.177493 
-0.357353 -0.199078 -0.297040 
-2.032962 0.047725 0.718270 
0.512220 -0.074084 1.054616 
-0.486176 0.145688 -1.035799 
-1.092968 -0.037294 -0.175108 
-0.937680 -0.205751 -0.050990 
1.967628 0.116636 0.742176 
1.601224 0.187322 -0.104020 
-0.297133 -0.233728 -0.235003 
-0.847324 -0.175901 -0.050859 
-1.003410 0.121033 -0.595033 
-2.052293 0.032313 0.588887 
1.645578 0.200385 -0.097619 
-0.740822 0.207821 -0.996792 
-0.944685 -0.047994 -0.175874 
-0.666119 -0.048527 -0.052570 
-1.443474 -0.092744 0.002875 
-0.652029 0.234564 -1.000847 
0.044691 -0.064902 -0.297708 
-0.461716 0.125567 -1.038709 
-0.093733 -0.144991 -0.360731 
-1.287086 -0.185608 0.011188 
1.620717 0.056483 -0.098606 
-1.432498 0.129391 -0.442364 
-1.078086 0.090753 -0.593948 
1.568056 0.118357 0.991804 
0.362077 -0.038759 -0.232152 
-0.927591 -0.097735 -0.178288 
0.038130 -0.183857 -0.292542 
0.067703 -0.188250 -0.290454 
1.907352 0.237243 0.743795 
0.333946 -0.150575 -0.221424 
1.493495 0.003124 0.862272 
0.309835 0.054805 1.041445 
1.693671 0.113862 0.744513 
1.066252 -0.092428 0.805125 
-0.256220 0.269941 -1.479989 
-1.977053 -0.057820 0.658838 
-0.010399 0.250142 -1.284361 
-0.993794 0.087647 -0.437608 
1.184684 -0.034973 0.800721 
0.322159 -0.126927 -0.291524 
0.323403 -0.126678 -0.292367 
-0.923536 0.066166 -0.434115 
-0.869502 -0.123789 0.009199 
-0.008351 0.087008 0.729007 
1.218810 -0.183734 0.863980 
-0.011887 0.088251 0.729765 
0.730275 0.029571 -0.424012 
-0.778442 -0.089338 0.010252 
-0.504295 -0.031993 -0.172468 
0.609945 -0.121868 -0.224030 
-0.424110 -0.037972 -0.172349 
0.631505 -0.022838 -0.294300 
0.559483 -0.205259 0.802479 
-0.072096 0.005505 1.041929 
-1.349572 -0.068658 -0.117406 
0.539418 -0.207183 0.798210 
0.665522 -0.105925 -0.225488 
-0.591281 -0.073232 0.006863 
-0.068488 -0.096966 -0.051540 
-0.405643 -0.058602 1.046099 
-0.459870 -0.225985 -0.046412 
0.679183 -0.140268 -0.290610 
1.694437 0.028510 0.736281 
-1.016119 -0.047995 -0.113290 
-0.144045 -0.046473 -0.169190 
-0.330709 -0.057525 -0.905476 
1.467773 0.245297 -0.418023 
1.528980 0.256214 -0.417265 
0.038702 0.114329 0.924531 
-0.144581 -0.191534 -0.163523 
0.896972 -0.106078 -0.225479 
-0.995186 -0.055075 -0.107364 
-0.101586 -0.198098 -0.163991 
0.867081 -0.141194 -0.222179 
1.379588 0.106238 -0.416088 
0.016684 -0.108187 -0.841370 
-0.001762 0.135202 0.926145 
0.022139 -0.099034 -0.048911 
1.411693 -0.173411 0.618653 
-0.505629 0.043431 1.041642 
-0.533238 -0.113049 1.044360 
0.524927 0.165724 -1.110905 
0.972422 0.006494 0.865006 
-0.240547 0.083704 0.919367 
-0.737774 -0.125721 1.048591 
-1.256719 0.102988 -0.595986 
1.209349 -0.041515 -0.226469 
0.948680 -0.035033 -0.351860 
0.381617 -0.006868 -0.644945 
-0.681398 -0.062159 1.045376 
-0.716822 -0.035513 -0.114162 
-0.678809 -0.059161 1.046355 
-0.140553 -0.262736 0.018638 
-0.693063 -0.067534 1.044352 
1.014194 -0.045845 -0.352684 
1.591986 -0.004451 0.993935 
0.403149 -0.034537 -0.162321 
-0.539705 -0.053934 -0.111668 
1.292755 -0.118996 0.995098 
0.493827 -0.050390 -0.163465 
1.304774 -0.101139 0.995063 
-1.482922 0.121062 -0.236828 
0.117761 -0.178084 0.019475 
-0.613591 -0.141467 -0.111088 
-0.545835 -0.144596 -0.106404 
0.710424 -0.076786 -0.045378 
1.393098 -0.141669 0.737235 
-1.373404 0.141079 -0.369978 
1.068955 0.067885 -0.285483 
-1.293698 0.154762 -0.364992 
1.198940 0.096077 -0.286230 
-1.281706 0.097604 -0.366507 
1.204910 0.072096 -0.216992 
1.242777 0.084633 -0.218092 
0.218712 -0.005737 -0.845786 
-0.736558 0.014519 -0.434766 
-0.726143 0.010324 -0.428006 
-0.452803 -0.197973 -0.104059 
1.531927 0.204743 -0.218670 
1.381569 -0.000600 0.735093 
-1.213339 0.055167 -0.366060 
1.218093 -0.175994 0.935348 
-0.547609 -0.030726 -0.428869 
-0.345502 -0.197480 -0.103048 
-0.335423 -0.198085 -0.098509 
-0.305939 -0.203630 -0.101251 
0.132740 -0.063247 0.791799 
0.782667 -0.004566 -0.164348 
1.659784 0.285379 -0.220565 
0.911020 0.015045 -0.157112 
-0.403281 -0.009341 -0.430013 
1.737715 0.294868 -0.224913 
1.156475 0.085163 -0.343778 
1.490707 0.019732 0.674864 
0.127712 -0.091694 -0.843267 
1.062274 0.039102 -0.351625 
-0.435479 -0.050135 -0.430170 
0.980655 -0.103888 -0.153745 
1.234746 -0.021284 -0.041838 
1.638043 0.289667 -0.281647 
1.319433 -0.041830 0.673827 
0.193192 0.229737 -1.221872 
-1.191655 0.183185 -0.596609 
1.245219 -0.093865 -0.040809 
1.378688 0.183114 -0.347029 
0.176967 -0.089535 -0.650377 
-1.267943 -0.183235 1.034568 
0.061698 -0.007957 0.856198 
1.552312 0.103236 -0.219473 
-0.203883 -0.080231 0.786691 
1.161759 -0.128043 0.021840 
0.127682 -0.074743 -0.105444 
1.023962 -0.061264 0.734594 
-0.268930 -0.118815 -0.425379 
-0.229484 -0.006457 -0.430469 
-1.384664 -0.261570 1.040876 
1.241293 -0.139253 0.029739 
1.397900 0.004764 -0.164021 
1.149821 -0.046902 0.929324 
1.285853 -0.074728 0.025701 
-1.578812 0.013466 -0.242220 
1.306916 -0.046470 -0.157622 
-1.476916 0.002215 -0.234056 
1.390861 -0.076384 0.018208 
-1.471072 -0.004800 -0.237007 
-1.400274 -0.013622 -0.233868 
0.227997 -0.141641 -0.100713 
0.652951 0.162961 -1.171923 
-1.370311 0.002615 -0.300769 
1.649437 0.018486 0.026769 
0.781846 0.239501 -1.169588 
0.415794 -0.042148 -0.104666 
0.047462 -0.055438 -0.423950 
-1.581260 0.079297 -0.051014 
1.294118 0.078077 -0.155369 
1.347940 0.031669 0.032672 
0.204556 -0.016149 -0.426065 
-1.254292 -0.135197 1.040245 
0.833227 -0.000798 0.927725 
-1.181016 -0.105471 1.038321 
0.766716 -0.136442 0.669144 
-1.349146 0.038296 -0.365092 
1.370242 0.057308 -0.030403 
-1.204497 0.035605 -0.367256 
1.850997 0.292764 0.027426 
0.775036 0.212411 -1.169324 
1.905723 0.294595 0.032578 
0.750613 0.020962 0.989875 
1.893512 0.298614 -0.035824 
0.557732 -0.011135 0.982053 
-0.279465 -0.056267 -0.989522 
0.292544 -0.099340 -0.420728 
1.725995 0.222173 -0.035164 
0.728949 -0.146709 0.667674 
0.553061 -0.038976 0.729644 
1.687942 0.203086 -0.034953 
0.622844 -0.081016 -0.105695 
0.673075 0.162445 -1.171300 
0.675111 -0.008404 -0.093690 
-0.791232 -0.080698 -0.231693 
0.215858 -0.006781 0.596706 
-0.311121 -0.034459 -0.992010 
0.333144 -0.069156 0.980868 
-0.748527 -0.057823 -0.231203 
-0.798833 -0.082969 -0.356381 
-0.588571 -0.010071 -0.717033 
1.627637 0.029574 -0.028820 
-0.585055 -0.043987 -0.289918 
1.745436 0.137536 -0.034693 
-0.883543 -0.192180 0.786531 
-0.903378 -0.197707 0.793060 
0.750892 -0.063541 0.667994 
-0.013777 -0.101769 -0.645314 
-0.682812 -0.132082 -0.233189 
0.494849 -0.148739 -0.413542 
-0.696757 -0.131996 -0.358400 
-0.208853 -0.112154 0.603029 
-0.515154 -0.134649 -0.226798 
-0.634766 -0.012483 -0.717663 
0.083057 0.086610 -1.220021 
0.710245 0.021040 -0.424820 
-0.582649 -0.134903 -0.354356 
-1.591869 -0.043329 0.014616 
-0.919372 -0.207768 0.851933 
-0.919294 -0.207325 0.853645 
0.519780 -0.025346 0.669569 
0.951133 0.173127 -0.907220 
-0.561337 -0.147788 0.791951 
0.974420 -0.108900 -0.100633 
-0.569197 -0.185882 0.850970 
-0.413184 -0.082607 -0.356217 
-0.671972 -0.084191 0.785361 
1.061643 -0.002230 -0.095026 
0.798443 -0.100400 -0.417909 
-0.653886 -0.068643 0.854149 
0.192361 -0.068677 0.728543 
-0.119046 -0.047564 -0.291855 
0.499979 -0.023875 0.664753 
0.008015 0.138353 -1.274471 
0.605332 -0.114400 -0.589694 
0.115538 0.003393 0.982136 
-0.338766 -0.121902 -0.355169 
-1.370169 -0.076954 -0.052075 
-1.018430 -0.125069 0.789251 
0.274748 0.005434 0.660562 
0.268937 0.007029 0.659990 
-1.238631 -0.171530 0.015255 
-0.006543 -0.215213 -0.221486 
0.201525 -0.118107 -0.772379 
-0.877829 -0.035061 -0.166499 
0.041131 -0.080027 -0.219209 
1.566912 -0.003330 -0.095162 
0.124526 -0.055773 -0.228178 
-1.142987 -0.237788 0.786773 
-0.994722 -0.122979 -0.163879 
0.085374 -0.089648 0.669473 
-0.078414 -0.071213 0.728596 
-0.323264 -0.023150 0.593891 
-1.277816 0.056603 -0.425755 
-0.987988 -0.111008 0.849376 
-0.200100 -0.013204 0.981902 
0.166230 -0.066820 -0.293815 
-1.268864 -0.307192 0.780184 
-0.890409 -0.143312 0.020746 
0.514802 -0.051696 -0.218617 
-1.400025 0.069530 -0.109695 
-0.800023 -0.042886 -0.044536 
-0.352732 -0.053494 0.980319 
0.402024 -0.055852 -0.281626 
-0.115997 -0.086304 0.656217 
-0.620009 -0.035307 -0.167917 
-0.395396 -0.122149 0.921359 
-0.318943 -0.112569 0.729067 
0.451834 -0.198344 -0.281617 
-0.373996 0.068052 0.981540 
-0.341517 -0.117529 0.726187 
0.620146 -0.085066 -0.218627 
-0.565571 -0.163668 -0.163498 
0.642653 -0.024814 -0.288510 
0.336751 -0.008304 -0.349550 
-0.696287 -0.060449 -0.044476 
-0.445682 -0.077945 0.719350 
0.670384 -0.129248 -0.280777 
-0.283785 -0.023834 0.728467 
1.213436 0.025745 -0.411991 
0.794819 -0.026010 -0.217151 
-0.133371 -0.086422 0.023952 
0.846025 -0.001492 -0.217186 
-0.603639 -0.162917 -0.040727 
-0.386056 -0.115365 0.662351 
0.857454 0.166830 -0.994078 
-0.556515 -0.217986 -0.043825 
0.903481 -0.077856 -0.214543 
-0.792262 -0.078176 0.589963 
-0.382888 -0.225551 0.023095 
-1.530886 -0.100726 0.845419 
0.668847 0.007659 -0.350573 
1.482811 0.242199 -0.413109 
-1.626023 0.003829 -0.112787 
-0.399973 -0.010957 0.656104 
-1.442206 -0.095628 0.778031 
-0.342063 -0.219110 -0.157837 
0.000127 0.150982 1.045584 
-0.778898 -0.218302 0.665749 
1.421053 0.141036 -0.412627 
-0.026909 0.148081 1.042954 
-1.577090 -0.257409 0.791340 
-0.096798 0.147068 1.040691 
-0.087451 -0.027342 -0.650299 
-1.695039 -0.194698 0.782688 
-1.352927 -0.242906 0.593442 
-0.940700 -0.207769 0.661019 
1.464289 0.017224 -0.218433 
-0.326497 0.119809 1.041389 
-1.600397 0.140926 -0.237151 
-0.798916 -0.042268 0.979932 
-0.819526 -0.043451 0.976580 
-1.648962 0.093661 -0.230737 
1.065622 0.007237 -0.344840 
-1.176657 -0.148827 -0.105669 
0.110092 -0.000017 -0.777572 
-1.082752 -0.165021 0.593005 
-1.899600 -0.064796 0.846189 
-1.158155 0.061353 -0.295555 
0.518803 -0.100045 -0.589544 
0.650765 -0.072978 0.029546 
1.444084 -0.027379 1.048837 
0.679725 -0.069526 0.027469 
-1.144332 -0.257219 0.976631 
-0.946265 -0.191430 -0.104223 
0.274416 0.283579 -1.278815 
0.738183 0.126715 -0.994519 
-1.815288 -0.065054 0.780570 
0.733329 0.128889 -0.986869 
-1.360740 0.137669 -0.360105 
-1.371984 -0.116727 0.590257 
-1.916965 0.054669 0.841246 
0.672778 -0.007276 -0.154089 
0.697589 0.100331 -0.992670 
-0.638209 -0.065666 0.728798 
-1.232985 0.144290 -0.355295 
-0.634700 -0.020991 -0.105417 
-0.242508 0.018819 -0.648717 
-2.031902 0.024201 0.835659 
-0.874279 -0.099177 0.661862 
-0.760758 -0.103132 0.725854 
-1.441820 -0.104728 0.591961 
0.533900 -0.018235 -0.037663 
1.372717 0.047758 -0.276765 
1.086649 -0.071869 1.044817 
0.559943 -0.025859 -0.040362 
1.948647 0.097678 0.868846 
-1.055269 0.060032 -0.359308 
-0.867490 -0.058340 -0.424994 
-0.859800 -0.060831 -0.420966 
1.103006 -0.024786 1.048762 
0.533576 -0.133741 -0.032639 
0.966455 -0.028347 -0.034268 
-1.219552 -0.106608 0.916815 
1.704989 0.302498 -0.278185 
-0.896988 -0.096342 0.719228 
0.584025 0.073719 -0.995473 
-1.087823 -0.111408 0.979462 
-1.137573 -0.257750 0.656290 
-0.463672 -0.047027 -0.102590 
0.656163 0.174494 -0.905420 
-0.935320 -0.087764 0.720878 
-1.624805 -0.157684 0.590828 
1.199791 -0.136639 0.033909 
-1.275233 -0.102469 0.976636 
-1.523758 -0.163346 0.916112 
1.797506 0.193273 -0.272953 
-1.434845 -0.111965 0.913724 
0.922112 -0.100533 -0.152125 
1.815996 0.182581 0.864086 
0.855080 -0.056232 1.042330 
1.148988 -0.134191 -0.026380 
-1.181066 -0.241790 0.725067 
-1.424379 0.019987 -0.289996 
-0.844058 -0.120536 0.032984 
1.989462 0.245617 0.800940 
0.009012 -0.142158 0.352667 
0.420056 -0.138804 0.359895 
0.565400 -0.039811 0.356992 
1.804671 0.183090 0.798985 
0.982275 -0.062899 0.353885 
-1.743515 -0.102558 0.908727 
0.965603 -0.163519 0.363260 
1.037154 -0.050048 0.355073 
1.053173 -0.046226 0.359203 
1.689854 0.127482 0.797344 
-0.860086 -0.216238 0.413840 
-1.730576 0.120772 0.012324 
-1.156438 -0.124924 0.468647 
-1.693262 0.099192 0.012316 
-1.191646 -0.148805 0.475946 
-1.651539 -0.002234 0.969309 
0.139127 0.070132 0.799274 
-0.464186 -0.069653 0.412970 
0.235626 -0.168994 0.166095 
0.184058 -0.100641 0.291727 
1.531821 -0.032577 0.357061 
-2.033803 0.052596 0.581350 
1.518453 0.072848 0.039105 
0.408248 -0.021867 0.157206 
1.477883 -0.067612 0.356889 
0.167166 0.272587 -1.356561 
-0.492506 -0.074372 0.410894 
-0.469675 -0.073963 0.409731 
-1.824489 -0.083611 0.967174 
2.052577 0.214604 0.604288 
1.197455 0.054430 -0.529059 
0.308674 -0.164926 0.163687 
0.540698 0.197109 -0.994968 
-1.553392 -0.124745 0.713687 
0.438798 -0.105895 0.291180 
-0.133581 -0.026648 0.412645 
1.670133 0.046796 0.044675 
0.468803 -0.119834 0.294061 
0.927634 0.289156 -0.906613 
-1.977446 -0.061414 0.906537 
0.741801 -0.057870 0.164421 
1.617199 -0.098068 0.792913 
1.966654 0.249218 0.036220 
1.549153 -0.128481 0.798442 
0.684285 -0.166737 0.164196 
-1.798604 0.002721 0.016626 
-1.714244 -0.003256 0.016473 
-1.842273 -0.084645 0.647438 
0.842072 -0.070231 0.224441 
1.535084 0.018353 0.858986 
1.935336 0.274910 0.367330 
-1.466329 0.040336 0.015061 
-1.798461 -0.079631 0.716439 
0.892975 -0.156077 0.173265 
0.228999 0.286378 -1.358860 
-1.007519 -0.260646 0.478743 
1.961308 0.132346 0.926991 
1.802815 0.054776 0.370739 
0.982152 -0.155378 0.231535 
0.040409 0.011042 1.040188 
0.865077 -0.185224 0.301822 
-0.608060 -0.211161 0.481506 
-1.826234 0.059610 0.709034 
1.724607 0.108648 0.607289 
-1.345734 -0.123933 0.023285 
-2.042193 -0.009252 0.707189 
1.168897 -0.046900 0.167346 
-0.311195 -0.014504 0.475208 
1.200012 -0.035535 0.170799 
1.689683 0.062058 0.925553 
0.500695 -0.033928 0.419085 
-1.708780 0.037351 0.344320 
0.114272 -0.003512 -0.591018 
1.095451 -0.139998 0.303253 
-1.076410 -0.084023 0.020074 
1.548641 -0.124711 0.609247 
1.543793 -0.124447 0.605791 
-1.039316 -0.080629 0.090393 
-1.575674 -0.030891 0.350165 
0.879596 0.055913 -0.712589 
1.945780 0.258033 0.673028 
-1.672633 -0.113438 0.351527 
-0.301829 0.051007 1.035039 
-0.323247 0.043270 1.034833 
0.648940 -0.075789 0.416561 
-0.212430 -0.146618 0.482626 
1.817575 0.174528 0.670124 
1.764504 0.204109 0.929577 
0.238359 0.262531 -1.280056 
1.338796 -0.102459 0.166767 
-0.930602 -0.100936 0.089255 
1.882351 0.246871 0.668087 
1.610209 -0.046430 0.230128 
-0.809848 -0.098105 0.022342 
0.213442 0.092557 0.918302 
-1.869807 0.115030 0.148415 
1.641826 -0.039659 0.297516 
-1.892847 0.110981 0.209275 
0.850860 -0.079039 0.857812 
-1.962062 0.077438 0.643051 
-0.587338 -0.078071 0.020279 
-0.635421 -0.043785 0.090427 
-1.096072 -0.060669 0.354457 
-0.084763 -0.122053 -0.593587 
-0.444885 0.124205 -1.168997 
-1.256655 -0.146429 0.349834 
-0.076165 0.116891 0.919424 
1.722252 0.166186 0.237881 
1.522138 0.090416 0.987881 
1.568800 -0.072865 0.664956 
-0.199086 0.091144 0.913068 
1.718157 0.141416 0.306446 
-1.045956 -0.171312 0.353516 
-0.559421 0.014466 1.032274 
0.526094 -0.209785 0.788740 
1.665846 0.002471 0.924690 
1.116310 -0.135447 0.430635 
0.493753 -0.138844 0.483780 
0.815660 -0.180282 0.794505 
-0.008038 0.081047 0.723354 
1.563515 0.080315 0.176117 
1.283133 -0.220278 0.672786 
1.670581 0.118574 0.178646 
-0.428197 -0.084816 0.091972 
-0.263942 -0.088579 0.097296 
1.256228 -0.049068 0.598670 
0.722238 -0.128889 0.489771 
1.306159 -0.167984 0.429532 
-0.022831 0.150813 0.979514 
-1.941251 0.055876 0.208796 
1.476234 0.223822 -0.648859 
1.440501 -0.121168 0.920850 
1.819832 0.110885 0.177596 
-0.917073 -0.069693 0.351134 
1.457023 0.019442 0.662482 
-0.793557 -0.021922 1.035506 
0.421493 -0.134809 0.855499 
0.500744 -0.132332 0.850036 
0.488490 -0.127627 0.853098 
-2.000472 0.072138 0.403386 
1.487458 0.029727 0.921858 
-0.715460 -0.123284 0.348053 
-1.973099 0.102386 0.404897 
-1.603487 0.018795 0.219669 
0.303054 -0.065504 0.037086 
-1.046976 -0.204372 1.033608 
-1.056590 -0.199042 1.037774 
-0.220038 -0.070284 -0.594952 
1.028383 -0.052279 0.482712 
-1.650506 0.031434 0.152570 
0.067826 0.150193 -1.354984 
0.071758 0.146124 -1.353225 
0.407923 -0.008965 0.842143 
1.030526 -0.187244 0.488559 
1.077424 -0.185873 0.668875 
-1.151681 -0.189712 1.032850 
-1.160964 -0.183262 1.029576 
-0.186651 -0.017566 -0.596521 
1.095673 -0.175610 0.487602 
0.144324 -0.174095 0.096911 
-1.524363 -0.143393 0.225312 
-1.574233 -0.089316 0.156917 
1.314680 -0.101035 0.983790 
-1.482354 -0.147389 0.220971 
-1.543746 -0.144400 0.288673 
-0.216903 -0.010292 -0.596493 
1.986941 0.273013 0.424677 
0.272508 -0.059738 0.099875 
1.072493 -0.139438 0.922095 
-1.468156 -0.026242 0.152517 
0.233497 -0.066781 0.845560 
0.183782 -0.061513 0.850609 
-1.382288 -0.043445 0.159047 
0.649089 -0.061719 0.033264 
1.538105 0.000931 0.490400 
1.118854 0.085367 -0.643366 
0.682946 -0.106457 0.034427 
0.630278 -0.040604 0.098230 
-1.027600 -0.091810 0.285054 
-1.905107 -0.017293 0.410375 
0.677514 0.118611 -0.840987 
1.669487 -0.009199 0.487852 
-0.996129 -0.066948 0.227116 
0.818766 -0.042783 0.666313 
1.119496 -0.044882 0.724882 
0.065844 -0.031478 0.783560 
1.639705 -0.097636 0.489914 
-0.968037 -0.107904 0.155017 
-0.886521 -0.066091 0.292681 
-0.926393 -0.102869 0.163758 
0.308868 -0.122842 0.596691 
-1.328233 -0.101263 1.027802 
-1.925803 0.080161 0.469100 
1.004817 -0.055820 0.096501 
1.758843 0.151049 0.493713 
1.877458 0.204960 0.490636 
-1.408293 -0.123267 0.410600 
1.108000 -0.050199 0.100237 
1.281942 -0.102914 0.039689 
-1.497430 -0.184853 0.413368 
-0.649529 -0.119814 0.293617 
0.188838 -0.115005 0.361142 
-0.018641 0.053119 0.781157 
0.672187 -0.036689 0.912346 
1.106912 -0.169198 0.108707 
1.931758 0.109363 0.496789 
0.886158 -0.050143 0.724104 
-0.426885 -0.074054 0.228441 
-1.747597 0.017874 1.022872 
0.149820 -0.010401 0.590608 
0.466112 -0.122570 0.918194 
-1.686485 0.039328 1.030824 
0.351845 -0.154981 0.661838 
1.530932 -0.020795 0.104905 
1.435906 -0.072818 0.109522 
0.825437 -0.065250 0.988602 
-0.536091 -0.208924 0.299838 
1.539872 -0.017608 0.106872 
-0.492259 -0.094944 0.290500 
-0.489491 -0.131899 0.784200 
-1.412401 -0.264732 0.415289 
0.336643 0.164358 -1.357380 
-0.073159 -0.069032 0.589500 
0.640755 -0.032329 0.715702 
-0.063419 -0.061385 0.295297 
-1.825292 0.063870 1.021286 
-1.863156 0.065975 1.020511 
-0.250018 -0.100181 0.596317 
-1.880270 0.071777 1.023369 
1.063157 0.201802 -0.648320 
-0.443596 -0.178379 0.166226 
0.227079 -0.107990 0.655062 
0.273677 0.058724 0.908009 
-0.365317 0.007884 0.781760 
0.439820 0.156815 -1.273781 
1.721575 0.207453 0.106403 
0.579368 -0.122848 0.363715 
-0.748829 -0.106190 0.416927 
-0.747255 -0.106406 0.420759 
0.323717 -0.116929 0.719977 
0.156171 -0.016406 0.910950 
-0.195343 -0.196974 0.166199 
-1.576196 -0.056419 0.472124 
-0.163422 0.035208 -1.164398 
0.089087 -0.002315 0.908048 
-0.210428 -0.222926 0.301664 
-0.197299 0.013119 0.587624 
-1.680340 -0.118241 0.473232 
-0.327805 -0.222992 0.164110 
0.369074 0.002746 0.720136 
0.778714 -0.074133 0.366009 
1.680891 0.046787 0.050676 
-0.791060 -0.197460 0.422489 
0.363185 -0.052351 0.235814 
-1.661051 -0.126671 0.475904 
0.113740 -0.054351 0.163576 
1.844306 0.164951 0.048318 
0.133459 -0.043270 0.160971 
-0.639210 -0.243958 0.418394 
1.729250 0.084623 1.047915 
1.702435 0.069978 1.045476 
0.754955 0.021251 0.979234 
-0.534515 -0.238843 0.424272 
1.992122 0.240186 0.110922 
0.192542 -0.108028 0.294140 
0.203223 -0.128596 0.297744 
0.729862 0.014193 0.975722 
0.207794 -0.135369 0.292362 
-0.608816 -0.060951 0.838367 
0.049509 -0.070802 0.715533 
0.336859 -0.034609 0.298515 
-0.335536 -0.042601 0.423558 
0.444655 -0.109856 0.237657 
-0.330299 -0.099828 0.907395 
-0.473117 -0.186630 0.418704 
0.445369 -0.077063 0.978027 
0.341619 -0.072408 0.977459 
-0.455677 0.219530 -1.000773 
-1.344441 -0.283503 0.480019 
-0.319661 -0.172524 0.421786 
-1.380261 -0.058444 0.030513 
-0.278165 -0.179284 0.421827 
0.519793 -0.136393 0.239917 
-1.336658 -0.034469 0.025702 
0.349540 -0.108265 0.299248 
-1.307285 -0.031063 0.030814 
-0.222691 0.016911 0.652667 
0.585917 -0.133960 0.239332 
0.619818 -0.150479 0.238542 
0.656678 -0.175125 0.234099 
-0.176435 -0.023634 0.418659 
1.362058 0.058720 1.048216 
-0.493570 0.179322 -0.915374 
-1.013480 -0.124913 0.486658 
-0.419422 -0.135674 0.654990 
0.343765 0.099867 1.039504 
1.020376 -0.039049 0.240641 
-0.486261 -0.134878 0.650806 
-1.166662 -0.265877 0.842919 
-0.404863 -0.122794 0.656854 
1.391397 0.004852 0.365259 
1.356817 -0.011522 0.369343 
-1.112795 -0.080678 0.035290 
-1.040441 -0.076016 0.034436 
0.411299 0.199213 -1.354365 
-0.626925 0.096426 -1.006641 
0.050216 -0.019425 0.419552 
-0.703784 -0.118348 0.488868 
-0.774512 -0.026373 -0.601857 
0.083163 0.013703 0.977169 
-0.964524 -0.246628 0.910730 
-0.211050 -0.062816 0.714772 
1.642462 0.009652 0.370749 
-1.078143 -0.073941 0.093676 
-1.048359 -0.079570 0.095912 
0.243264 -0.081679 0.428657 
1.757549 0.028839 0.371257 
-1.121430 -0.193601 0.096254 
-0.819940 -0.080202 0.041194 
-0.084517 0.045747 -0.844041 
1.342490 -0.002391 0.243893 
-0.771098 -0.102210 0.039687 
-0.735738 0.134765 -1.006629 
0.533150 -0.116048 0.303534 
-1.433897 -0.217677 0.774811 
0.633281 -0.134874 0.298920 
-0.452230 -0.077327 0.719277 
1.827127 0.236285 0.370834 
0.868143 -0.077426 0.299538 
1.558681 -0.027844 0.244877 
0.925160 -0.072025 0.302052 
-0.911125 0.014618 -0.600711 
-0.993275 -0.272032 0.651952 
-0.832982 -0.075965 0.588147 
1.820027 0.150017 0.374908 
-0.595382 -0.162008 0.658407 
1.796642 0.040107 0.376330 
-0.107855 -0.076561 0.041709 
1.143059 -0.162591 0.176311 
-0.628937 -0.158251 0.654182 
-1.012410 -0.123618 0.908108 
1.281565 -0.106827 0.179843 
0.118124 0.212795 -1.467245 
0.087908 0.175093 -1.168373 
1.398326 0.008033 0.174858 
-0.708247 0.080457 -0.912683 
-0.675853 -0.045760 0.098600 
-1.814230 0.079041 0.215284 
-0.920276 -0.200568 0.714332 
0.653382 0.049100 -0.650460 
-0.725618 -0.124114 0.095964 
-0.751080 -0.110194 0.652891 
1.563389 0.074419 0.247151 
-1.627353 -0.077846 0.836167 
-0.554526 -0.061111 0.653790 
1.476610 0.026704 0.306318 
1.327096 0.043431 1.033613 
-1.180136 -0.256542 0.910204 
-0.143951 -0.018143 0.489123 
-0.539664 -0.128721 0.716121 
0.004756 -0.071836 0.037702 
-0.610021 -0.163146 0.099524 
0.989041 -0.152433 0.437276 
-1.446044 -0.231341 0.582629 
-1.000156 -0.213571 0.097220 
1.122919 -0.028661 0.428809 
1.770296 0.048521 0.249837 
1.181571 -0.046512 0.427751 
1.220621 -0.034679 1.037181 
-1.351760 -0.257304 0.905761 
1.341975 -0.151029 0.307077 
-1.690029 -0.039974 0.835335 
-0.904060 -0.107104 0.648487 
2.007620 0.271517 0.240355 
1.094081 -0.122163 0.435853 
-1.665617 0.083475 0.158785 
1.545367 0.245554 -0.586797 
-0.694562 -0.091852 0.713649 
-0.602417 -0.156403 0.969371 
0.215633 -0.169800 0.044719 
1.962663 0.287118 0.184914 
-0.568811 -0.034203 0.715228 
-1.965316 0.076819 0.291030 
1.555505 0.077106 0.179152 
0.145124 -0.139964 0.494209 
0.170084 -0.144790 0.491592 
-1.160405 -0.131873 0.904218 
-1.853551 0.010070 0.769534 
1.392230 0.016536 0.434488 
-1.250495 -0.102770 0.899979 
-0.803900 -0.177395 0.973397 
0.618304 -0.056819 0.041027 
0.707151 0.142004 -1.030265 
1.000768 -0.066341 1.037492 
0.977237 -0.049921 1.034486 
-1.089706 -0.180482 0.366793 
0.452250 -0.151020 0.488901 
-1.427191 -0.111735 0.578779 
0.162267 -0.051327 0.106894 
-1.476745 -0.116220 0.580915 
0.942396 0.005836 1.034988 
-0.856773 0.162846 -0.914676 
1.783229 0.030448 0.432718 
1.793325 0.052569 0.861450 
-1.911284 0.032136 0.160578 
1.808370 0.069826 0.857560 
-0.265408 0.173062 -1.215588 
-1.857115 -0.029433 0.158993 
0.783069 -0.063121 0.043807 
-1.878171 0.099495 0.417236 
-0.833507 0.142572 -0.657521 
1.795146 0.064673 0.792195 
1.923172 0.246131 0.852505 
1.927860 0.276873 0.308519 
-1.605558 -0.083828 0.581337 
1.728612 0.087337 0.439784 
0.730829 -0.144031 0.498638 
-1.649942 0.024588 0.158127 
0.550263 0.119317 -1.025135 
1.794054 0.179247 0.848899 
0.987677 -0.057886 0.495505 
1.022276 -0.060040 0.499906 
-1.674545 -0.022085 0.894623 
-1.415081 -0.092712 0.648363 
1.104958 -0.161083 0.051828 
0.151053 -0.072980 -0.913523 
1.283043 -0.115351 0.050425 
-1.424208 -0.038770 0.162691 
1.035927 0.044033 -0.584069 
0.234271 -0.023980 -0.910138 
-2.005840 0.067194 0.414092 
-1.961159 -0.009825 0.290984 
-1.514998 -0.210926 0.963972 
-1.783092 0.028432 0.568581 
-1.091247 0.051344 -0.661908 
-1.675866 -0.187436 0.646539 
-1.086602 -0.120014 0.965337 
1.024877 -0.195727 0.499661 
0.045725 0.118166 0.839268 
1.661577 0.091435 0.790354 
-1.208233 -0.180313 0.237069 
1.249551 -0.137732 0.497286 
1.215823 -0.163573 0.500647 
-1.693758 -0.149446 0.646378 
-1.782098 0.018423 0.419647 
-1.722287 0.055944 0.282975 
0.101287 0.075972 0.781580 
0.706212 -0.150315 0.114997 
0.955120 0.248899 -1.065142 
0.632438 -0.019078 1.032626 
-1.757381 -0.060747 0.415329 
0.917798 -0.061064 0.115630 
-0.372789 0.129007 -1.219848 
-0.952705 -0.084524 0.231829 
-1.469769 -0.107757 0.967600 
-0.204249 -0.083832 -0.916793 
-1.772709 0.124065 0.029559 
1.590051 -0.126755 0.502400 
0.345426 -0.025232 1.034673 
-1.987084 0.095208 0.482184 
-0.825681 -0.170646 0.237535 
-0.794137 -0.180198 0.237542 
-1.186517 -0.099119 0.427045 
-0.667002 -0.097717 0.232818 
1.637547 -0.054761 0.787202 
-0.375025 0.146829 -1.272546 
-1.132578 -0.136379 0.299183 
2.019698 0.263121 0.597700 
-1.103114 -0.170665 0.294884 
0.135658 -0.035713 0.366136 
-1.046206 -0.165578 0.296494 
0.048577 0.008104 1.035486 
0.012614 0.006123 1.030469 
-0.957502 -0.074921 0.293920 
-1.349782 -0.277208 0.429005 
1.236077 -0.178964 0.846554 
-0.480796 -0.078350 0.233484 
0.047485 -0.121742 0.372537 
-1.172400 -0.196543 0.426720 
1.733176 0.122144 0.600995 
1.730153 0.195879 0.918426 
-0.504828 -0.180144 0.234607 
1.892474 0.158338 0.058130 
1.889963 0.162502 0.665990 
0.950323 0.174679 -0.909305 
-0.427907 -0.165410 0.170942 
-1.736024 -0.076713 0.965366 
-0.123284 -0.062646 0.234884 
-0.058398 -0.078109 0.235893 
-0.649468 -0.116371 0.423033 
2.031813 0.265597 0.503129 
-0.232554 -0.184271 0.176440 
-0.233182 0.227093 -1.353771 
1.821545 0.076936 0.729832 
-0.670263 -0.239921 0.427425 
-0.202039 0.229160 -1.352534 
-0.655771 -0.202163 0.303310 
-0.495846 -0.096584 0.296428 
0.240971 -0.030434 0.177159 
0.254023 -0.029412 0.179621 
0.808270 0.147109 -1.023287 
-0.467553 -0.154310 0.427639 
-1.595858 0.061551 0.099220 
-1.875450 0.046670 0.959080 
-1.798649 0.059200 0.476593 
1.417034 -0.156317 0.597044 
0.253623 0.117178 -1.163653 
1.766024 0.225411 0.118805 
1.255805 -0.017953 0.785411 
1.004722 -0.060091 0.844301 
0.513361 -0.123402 0.372196 
0.521028 -0.125072 0.368667 
-0.314981 0.193934 -1.278197 
-0.243699 -0.142368 0.430123 
1.722558 0.022229 0.663150 
-0.149323 -0.162875 0.431290 
1.616904 -0.032256 0.909614 
1.606536 -0.017464 0.657783 
0.162537 -0.032836 0.433633 
0.198364 -0.040787 0.429057 
0.833317 -0.039719 0.842708 
0.879495 -0.042642 0.845157 
0.172256 -0.078173 0.302490 
1.318247 -0.148092 0.913030 
0.556724 -0.136335 0.183503 
0.249401 0.066510 -0.914494 
1.535151 -0.102477 0.660135 
-1.472699 -0.110530 0.485072 
-0.888742 -0.060619 1.022061 
1.081873 -0.115621 0.379053 
0.185686 -0.158418 0.436279 
0.637656 -0.049167 0.248821 
1.335292 -0.129556 0.916556 
-0.433776 0.008716 -0.626023 
1.146648 -0.178841 0.381978 
-1.049629 -0.244467 0.042396 
0.521472 -0.135352 0.243737 
0.680570 -0.164309 0.783591 
-0.894130 -0.162328 0.046338 
-0.491320 0.109536 -1.185816 
-1.495819 -0.224959 0.486250 
1.533435 -0.061018 0.375622 
1.215378 -0.039753 0.591199 
1.168484 -0.048528 0.595793 
-1.129722 -0.219421 1.025609 
1.301873 -0.200009 0.722661 
1.094760 -0.184386 0.658734 
0.980841 -0.149874 0.244364 
1.060669 -0.118847 0.908913 
0.408716 -0.135851 0.777033 
-1.487545 -0.234090 1.024977 
1.309496 -0.007076 0.251315 
-1.093560 -0.202080 0.109445 
0.510646 -0.131138 0.311368 
-1.055527 -0.205483 0.103692 
-1.027368 -0.206373 0.103559 
-0.839072 -0.068965 0.098249 
-0.503018 -0.114700 0.041591 
0.949930 -0.164854 0.440821 
0.939667 -0.172533 0.435733 
0.911172 -0.078577 0.593688 
0.347897 -0.005152 0.777569 
0.348163 -0.004884 0.776751 
1.102174 -0.028394 0.439995 
1.575702 -0.046074 0.246866 
-0.889486 -0.184890 0.491419 
0.792718 -0.070631 0.586383 
1.131444 -0.040442 0.718159 
-0.260582 0.175052 -1.115428 
1.119987 -0.138498 0.441363 
0.797758 -0.072934 0.312232 
-1.831217 0.081957 0.231765 
-1.825707 0.080202 0.227211 
0.252562 -0.076653 0.843553 
-0.090614 -0.203318 0.051524 
0.685171 -0.204352 0.584778 
-0.684302 -0.126668 0.489968 
0.998462 -0.056806 0.315141 
0.811137 -0.029311 0.906856 
2.036685 0.261628 0.377092 
0.769409 -0.186382 0.311947 
1.582068 -0.011574 0.977763 
-1.290455 -0.086990 1.024574 
0.804534 -0.042763 0.653764 
-0.977666 -0.239820 0.114064 
1.626404 0.091433 0.252885 
-0.551260 -0.160130 0.495389 
1.317683 -0.104756 0.978350 
1.992345 0.132096 0.383146 
1.737228 0.194041 0.183546 
0.895305 -0.116076 0.716232 
-1.515572 -0.063133 1.022078 
1.374350 -0.147037 0.442361 
0.629165 -0.153299 0.655032 
1.531990 -0.033782 0.977808 
1.604465 0.087453 0.194281 
-1.986826 -0.012533 0.365888 
1.484040 -0.037761 0.979363 
-0.293564 0.013609 -1.031291 
1.957418 0.281682 0.252166 
0.058577 -0.032291 0.776239 
0.890469 -0.117526 0.719117 
-0.131579 -0.210592 0.112270 
-1.711235 0.033279 0.362388 
0.572750 -0.030085 0.653396 
1.934387 0.281021 0.192268 
1.472573 -0.059040 0.316639 
-0.073713 0.020560 0.836055 
-0.145019 -0.046025 0.839003 
-0.418463 -0.145192 0.493565 
-0.046087 -0.021432 -1.003817 
-1.818817 -0.025081 0.239192 
-0.342624 -0.065541 0.833887 
-1.686648 0.038378 1.017307 
-0.070686 0.006401 0.770659 
1.732064 0.091557 0.452263 
0.166215 -0.118242 0.586669 
-0.037839 -0.076358 0.499384 
-1.698349 -0.076329 0.234545 
-0.018297 -0.126064 0.496830 
1.042078 0.018696 0.975563 
0.115144 -0.199695 0.119347 
0.030960 -0.120060 0.589437 
-0.233416 0.110450 -1.083713 
0.162052 -0.014451 0.575360 
-0.338954 0.212306 -1.187554 
-1.516969 -0.035995 0.242314 
-0.391651 -0.118274 0.767633 
0.115205 -0.012074 0.582447 
2.007107 0.125582 0.447194 
0.984656 -0.067161 0.978513 
0.247993 0.003651 0.644425 
1.847445 0.193094 0.321601 
-0.181506 0.234344 -1.394393 
0.001815 0.007918 0.901049 
0.812862 -0.129933 0.053560 
1.898231 0.116408 1.043615 
-0.229524 -0.116536 0.583760 
1.914129 0.167831 1.035308 
-1.015596 -0.100984 0.366559 
1.798285 0.070903 0.322323 
-1.821908 0.050270 0.420726 
-0.054649 0.001250 0.579224 
0.665905 -0.043300 0.113255 
-0.968221 -0.221884 0.834363 
-1.910486 -0.023641 0.420659 
0.022089 0.285213 -1.468929 
-1.023047 -0.162375 0.367586 
-1.114639 -0.078304 0.238908 
-0.236491 -0.033417 -1.026105 
-0.093423 0.178948 -1.306082 
-0.546812 -0.040085 0.838115 
0.958113 -0.078456 0.119756 
-1.009122 -0.058795 0.238434 
0.222024 0.282617 -1.353311 
-0.421599 -0.111997 0.900147 
0.586020 -0.173839 0.500926 
-0.702794 -0.120970 0.376215 
-1.752602 -0.073866 0.428721 
0.726189 -0.083149 0.505577 
0.334984 -0.120139 0.715503 
-0.020351 -0.093192 0.649771 
-0.007968 0.211688 -1.305268 
0.961887 -0.135809 0.119161 
-1.681627 -0.109500 0.427297 
0.663003 -0.194995 0.506669 
-0.285517 -0.031117 0.581096 
-0.940268 -0.157840 0.242752 
0.939393 -0.076225 0.504728 
1.096652 -0.052448 0.121910 
-0.496117 -0.020815 0.897931 
-0.723340 -0.097333 0.766250 
-0.550085 0.136984 -1.183252 
-0.213922 -0.093986 0.649123 
-1.594862 -0.142446 0.301576 
0.919032 -0.097302 0.500939 
-1.305394 -0.122329 0.432936 
-0.437984 -0.196540 0.378384 
0.288736 0.292271 -1.348337 
-0.269762 0.191005 -1.136652 
-0.077111 0.205676 -1.300828 
-1.210631 -0.109665 0.431302 
-0.824627 -0.108138 0.770143 
-0.239203 -0.007990 0.639982 
-0.237331 -0.004457 0.639507 
-1.209612 -0.118229 0.435044 
-1.169337 -0.119843 0.432157 
-0.193647 -0.050626 0.375637 
-0.620210 -0.198979 0.184802 
-1.322000 -0.173837 0.301665 
-1.202394 -0.181353 0.436521 
-0.525551 -0.165846 0.179111 
1.067625 -0.199546 0.505050 
0.682184 0.242958 -1.044327 
-0.153792 -0.091086 0.378740 
-1.185862 -0.105146 0.302073 
-0.142859 -0.031346 -1.029088 
-0.633164 -0.204581 0.185321 
-0.468566 -0.182053 0.246113 
-1.113769 -0.164105 0.434122 
1.364706 -0.008285 0.506432 
-1.865934 0.095624 0.101099 
-0.314520 -0.110599 0.248918 
-0.330606 -0.224852 0.372563 
-1.273596 -0.309013 0.773119 
-0.200861 -0.071406 0.249811 
-1.115541 -0.139043 0.828948 
0.100547 0.033058 0.712955 
-0.074867 -0.070152 0.249845 
1.483894 -0.111918 0.506307 
-0.149962 -0.080664 0.243156 
-1.396268 -0.251434 0.765560 
-0.857214 -0.163924 0.579448 
0.204838 -0.075894 0.377513 
-0.008693 0.064845 -1.216035 
-0.253147 -0.083691 0.185556 
-0.798709 -0.213766 0.647118 
1.965281 0.289263 0.129153 
-0.185057 -0.204064 0.188081 
1.478971 -0.018650 1.033076 
0.120142 -0.155385 0.380244 
-0.432006 0.208098 -1.398636 
-0.906074 -0.104264 0.429875 
-0.432825 0.221600 -1.393123 
-0.888970 -0.175195 0.306560 
-0.871833 -0.178537 0.308803 
-1.206153 -0.112324 0.764209 
0.057852 -0.066001 0.251234 
-1.344301 -0.124830 0.761872 
0.117347 -0.042020 0.249155 
-1.812591 -0.011446 0.041715 
-0.333517 -0.027068 0.969487 
1.009662 0.171356 -0.993858 
0.193509 -0.024037 0.188000 
-0.168096 0.044273 0.709500 
-1.344719 -0.258181 0.579404 
-0.656011 -0.084162 0.651198 
-1.514385 0.052442 0.043468 
1.175216 -0.083783 1.032074 
0.450559 -0.121871 0.376722 
-0.753680 -0.176206 0.897429 
0.654721 0.255504 -1.047006 
1.962235 0.143741 0.126282 
1.250727 -0.068617 1.029818 
-1.416664 -0.050247 0.042544 
0.497458 -0.026434 0.180928 
2.060827 0.219275 0.512545 
-0.594479 -0.046805 0.900217 
-0.962480 -0.197649 0.959932 
0.395294 -0.143814 0.188947 
0.402715 0.278289 -1.352485 
-1.697777 0.049112 0.100993 
0.666230 -0.092798 0.378241 
-1.775167 -0.006092 0.101612 
-2.005498 -0.036742 0.487597 
1.164335 -0.064121 1.033490 
0.665395 -0.107291 0.383834 
-1.964428 -0.042200 0.489220 
-1.919624 -0.035526 0.485924 
0.749799 -0.092262 0.379074 
-1.846178 0.064065 0.484091 
-1.613689 -0.042929 0.104638 
0.684840 -0.058240 0.186070 
-1.990657 -0.059739 0.764271 
-0.367810 -0.034219 0.432370 
-0.575747 -0.024628 0.959969 
0.578475 -0.147204 0.187799 
0.046413 0.264753 -1.349901 
-1.185713 -0.253499 0.902503 
-0.438650 -0.137120 0.439852 
-1.425672 -0.150526 0.114000 
-1.722621 -0.143676 0.827869 
0.760828 -0.069434 0.252050 
1.127380 -0.032841 0.382761 
-1.314705 -0.218596 0.895507 
-1.688787 -0.144499 0.574006 
0.962463 -0.064236 1.033211 
-1.083684 -0.077672 0.107654 
0.968073 -0.165236 0.189398 
0.925392 -0.056904 0.255201 
-1.535300 -0.103663 0.488344 
1.845490 0.082420 0.784416 
0.849034 -0.153027 0.251983 
-1.897250 -0.053424 0.564606 
0.816712 0.021649 1.029963 
1.084293 -0.174202 0.194663 
-0.333055 0.010731 0.707486 
0.744622 -0.089053 1.030257 
1.334904 -0.024122 0.387395 
0.170296 -0.094377 0.317419 
1.024011 -0.159050 0.252047 
0.146340 -0.033330 0.438642 
-1.968873 -0.050549 0.568711 
0.345427 -0.041400 0.316093 
0.019969 -0.131399 0.435300 
-0.635001 -0.045029 0.111560 
1.028874 -0.156667 0.260170 
1.371056 -0.155273 0.384166 
-1.442660 -0.253711 0.962997 
1.387586 -0.143305 0.389398 
-1.476787 -0.247338 0.961718 
-1.472193 -0.247259 0.496000 
1.316443 -0.166393 0.390734 
-0.715144 -0.148964 0.117572 
2.016059 0.127651 0.591942 
1.635771 0.001891 0.383071 
-0.495076 0.226751 -1.072389 
-0.656017 -0.050070 0.050760 
1.575343 -0.065074 0.386017 
1.828128 0.081135 0.592774 
-1.164910 -0.254122 0.505332 
1.888447 0.110813 0.590797 
0.608735 -0.026214 0.317618 
0.633408 -0.039142 0.312838 
-1.150923 -0.264778 0.503468 
-1.006150 -0.231627 0.706995 
0.725702 -0.068413 0.319346 
-1.770918 -0.091404 0.891625 
-0.985066 -0.211408 0.704145 
-0.530911 -0.102037 0.056511 
0.605141 -0.142900 0.322559 
0.667145 -0.139414 0.318020 
1.897818 0.232643 0.844146 
-1.532028 -0.174320 0.960123 
0.429940 -0.137585 0.442525 
1.568336 -0.123566 0.783366 
0.551914 -0.019653 0.442280 
0.681505 0.098624 -0.998186 
-0.172086 0.269811 -1.458489 
-0.324454 -0.085979 0.051554 
1.675067 0.130472 0.845943 
0.549689 -0.142343 0.449550 
-0.696390 -0.126575 0.500516 
-1.800297 0.027199 0.890623 
0.136750 0.221413 -1.213898 
-1.862109 0.029359 0.883991 
1.007265 -0.130690 0.323571 
-0.639837 -0.181306 0.499542 
-0.121077 -0.029982 -1.141574 
-0.211842 -0.106450 0.057523 
-0.207231 -0.107514 0.051914 
0.212591 0.147430 -1.106162 
0.288066 0.048649 1.021254 
0.929812 -0.060181 0.447249 
1.763855 0.178669 0.845980 
0.181609 0.159810 -1.350019 
-0.418045 0.263372 -1.309770 
1.733225 0.033005 0.585596 
1.264018 -0.041309 0.316835 
1.279046 -0.037825 0.319920 
0.804190 -0.176927 0.443350 
-0.215200 -0.242598 0.118495 
2.004585 0.275572 0.392035 
2.011398 0.254656 0.195061 
0.082392 0.015601 1.020475 
1.933083 0.266920 0.266700 
0.962238 -0.155640 0.447716 
2.017889 0.159758 0.266293 
2.023200 0.178029 0.259725 
-0.695965 -0.195319 0.503245 
1.275298 -0.046118 0.453116 
1.614067 -0.097916 0.839553 
0.194848 -0.180235 0.121950 
0.056507 -0.182321 0.061431 
-1.130944 -0.144879 0.646981 
-1.921577 -0.063848 0.954474 
-1.165533 -0.135972 0.644321 
-1.252440 -0.105129 0.637332 
1.733106 0.111893 0.913588 
0.105713 -0.002608 -1.091026 
1.223202 -0.184851 0.588192 
-1.931559 0.075562 0.946923 
0.366749 -0.152125 0.058995 
1.545938 0.056373 0.914116 
-1.450572 -0.213190 0.706033 
0.610313 -0.043156 0.125697 
0.665828 -0.044743 0.123212 
-1.071394 -0.127542 0.701724 
-0.164413 -0.134053 0.506835 
-1.643785 -0.038950 0.367630 
1.647973 0.067088 0.330082 
-0.352739 0.255017 -1.244787 
0.596707 -0.140032 0.059029 
-1.705471 -0.111656 0.373260 
1.850216 0.250582 0.328215 
0.710352 -0.157191 0.061835 
-1.469426 -0.033636 0.177446 
1.895434 0.267913 0.322502 
-1.603174 -0.130788 0.372917 
0.440176 0.120426 -1.184086 
0.850602 -0.087535 0.063632 
1.949638 0.279827 0.320954 
1.594140 0.036599 0.453374 
0.833470 -0.112064 0.059015 
-1.660620 -0.234845 0.709019 
-1.283758 -0.079875 0.247487 
1.198145 -0.042586 0.840431 
1.806297 0.117803 0.330681 
-1.584354 -0.121960 0.697552 
1.312267 -0.124819 0.779143 
-0.702091 -0.100086 1.019645 
1.305895 -0.122473 0.781246 
0.080398 0.068807 -1.106575 
1.518775 0.077751 0.971854 
1.499285 0.058124 0.977441 
0.854451 -0.078970 0.833818 
-1.964725 -0.008612 0.306475 
1.236244 -0.007896 0.064481 
1.155407 -0.035221 0.066488 
0.187647 0.095720 0.902942 
1.940010 0.128453 0.656784 
0.225643 0.181106 -1.213903 
-0.005194 0.165658 -1.401629 
0.656767 0.170492 -1.141436 
-1.189467 -0.234628 0.188543 
-1.127811 -0.228534 0.185231 
1.248280 -0.119800 0.130973 
0.619252 0.178295 -1.143201 
-0.613935 0.238537 -1.026101 
-0.928016 -0.109802 0.185732 
-1.774115 -0.053909 0.302494 
-1.546679 -0.034763 0.303053 
0.783326 -0.034374 0.829129 
0.792516 -0.024120 0.838572 
1.568681 -0.102458 0.912031 
1.491900 -0.047025 0.128420 
1.309277 -0.100558 0.128769 
-1.634431 -0.109061 0.307879 
-1.675907 -0.028506 0.433068 
1.023400 -0.080515 0.775496 
-0.869442 -0.144753 0.249160 
1.228723 -0.021383 0.769763 
-0.807302 -0.180303 0.251128 
-0.801085 -0.194697 0.249349 
-1.924618 0.076718 0.691453 
0.734661 -0.087529 0.513844 
0.919256 0.234823 -1.085371 
2.015493 0.115166 0.724375 
1.998977 0.110398 0.724537 
1.537603 -0.042397 0.973822 
-1.102282 -0.235368 1.019074 
1.961416 0.120358 0.721048 
1.742928 0.143800 0.652785 
-1.605560 -0.117894 0.429739 
1.782521 0.174105 0.654679 
0.418720 -0.134614 0.836671 
1.709803 0.217523 0.066567 
-0.333030 0.186080 -1.066482 
0.788275 0.208723 -1.160757 
-0.438130 -0.080677 0.249028 
-1.440948 -0.259710 1.021759 
1.511454 -0.078040 0.967350 
-0.290776 -0.090681 0.186220 
-1.038367 -0.103720 0.316378 
-0.309069 -0.110673 0.252317 
1.138100 -0.183478 0.902476 
0.341058 0.159970 -1.186608 
-1.187163 -0.132717 0.440555 
1.846536 0.273076 0.072349 
0.892310 -0.089710 0.580240 
0.437074 0.219180 -1.345641 
0.623362 -0.031245 0.769346 
1.398340 0.042069 0.973752 
0.824394 -0.108995 0.583457 
-1.804671 -0.024896 0.114059 
1.917795 0.146722 0.074075 
-0.037346 -0.085658 0.380687 
-0.035772 -0.091921 0.384463 
1.333842 -0.134042 0.512718 
-0.724448 -0.118654 0.313993 
1.063777 -0.100969 0.974041 
-0.562932 -0.119416 0.315384 
-0.569988 -0.121322 0.314529 
0.405616 0.184067 -1.348944 
0.347301 0.254609 -1.187055 
0.220620 -0.145011 0.195005 
0.132199 -0.199791 0.191482 
0.484552 -0.017676 0.773195 
-1.256937 -0.247568 0.438442 
0.083528 -0.027564 0.382703 
0.436271 -0.012535 0.764626 
-0.231956 0.259192 -1.459173 
-1.102602 -0.195483 0.441179 
-0.590552 -0.215216 0.316834 
0.302623 0.005720 0.770472 
0.165364 -0.049613 0.259609 
0.501116 -0.022352 0.198127 
-1.501122 -0.128048 0.114652 
-0.081898 -0.024251 -1.165034 
-0.427307 -0.093068 0.317474 
-0.459844 0.102939 -1.067010 
-1.659711 -0.115105 1.013398 
0.761255 0.162626 -1.083190 
0.143758 0.101627 -1.215988 
-0.161152 -0.044145 0.827108 
1.000144 -0.071431 0.965882 
0.980277 -0.068843 0.966795 
0.146354 0.019218 -1.104927 
0.637960 0.244181 -1.244114 
-0.065014 -0.026522 -1.162621 
-1.711163 -0.026690 1.004763 
0.196202 -0.136797 0.384267 
0.592989 -0.042179 0.194656 
0.405918 0.054177 -1.004810 
0.337102 -0.103438 0.256845 
0.191981 -0.035745 0.770965 
-0.576356 0.119642 -1.027147 
0.697299 -0.119995 0.903095 
-1.169776 -0.067245 0.050408 
0.685028 -0.163370 0.196102 
0.674822 0.159541 -1.091196 
1.417723 0.008775 0.651575 
1.468792 0.018674 0.646882 
-0.608961 0.104349 -1.023664 
0.270809 -0.087370 0.385604 
0.863574 -0.054516 0.196630 
0.529998 -0.027146 0.257229 
0.271841 0.052359 -1.007902 
0.520733 -0.039332 0.262066 
-0.645939 -0.246929 0.446523 
-0.397617 -0.001991 0.827075 
0.655615 -0.057733 0.260821 
0.464398 -0.108943 0.384430 
0.007780 -0.036465 0.318494 
-0.567266 -0.234805 0.448694 
-0.559235 -0.233615 0.447055 
1.213832 -0.022883 0.706173 
0.193158 0.036352 -1.103336 
0.601785 -0.020907 0.957422 
1.114919 -0.051869 0.195522 
0.193838 0.098804 -1.186182 
0.056004 -0.178369 0.322565 
0.599677 -0.215267 0.713963 
0.448553 -0.088720 0.964143 
-0.300795 -0.124780 0.445989 
0.218985 0.257039 -1.311779 
0.949061 -0.142123 0.268584 
0.495944 -0.001670 0.957267 
0.473798 -0.006000 0.894511 
0.575547 0.218980 -1.092981 
0.778169 -0.187245 0.393316 
1.140441 -0.045357 0.269486 
1.450282 -0.064331 0.198275 
0.274564 -0.166805 0.326658 
1.811911 0.226328 1.033912 
0.789311 -0.146145 0.645810 
-0.878213 -0.157040 0.062894 
0.001210 -0.014179 0.442097 
1.089843 -0.139787 0.269176 
0.276733 0.075116 -1.137958 
0.305996 0.098968 -1.139855 
0.628911 -0.034869 0.323823 
0.875123 -0.138826 0.713407 
-1.547170 -0.100745 0.500022 
0.253624 -0.028195 0.455965 
-1.700743 0.079915 0.184424 
0.099524 -0.064822 0.128190 
0.143216 -0.049452 0.126268 
-0.670501 -0.172282 0.059514 
0.366718 0.211897 -1.102147 
-0.057290 -0.005333 0.576385 
-1.179314 -0.126481 0.503709 
-0.006601 0.008838 0.896186 
1.500025 0.104144 1.028559 
-0.180860 -0.030668 0.888860 
1.738570 0.037858 0.210552 
1.532292 -0.109133 0.395183 
0.390655 0.078646 1.027982 
-1.031041 -0.273160 0.827587 
1.236334 -0.054229 0.328819 
1.664047 0.070842 0.275736 
0.282848 0.126846 1.021259 
0.505197 -0.136437 0.454153 
1.901238 0.122127 0.212803 
-0.236745 -0.102023 0.062191 
-0.221306 -0.101642 0.069410 
-1.277210 -0.280842 0.823142 
-0.317566 -0.033041 0.956141 
1.928182 0.142276 0.209104 
0.401457 0.228524 -1.139964 
0.561598 -0.022312 0.449697 
0.612323 -0.040708 0.449304 
-1.045308 -0.290158 0.511044 
0.195447 0.093210 -1.040233 
-0.506556 -0.071933 0.574577 
1.307878 -0.030579 0.330701 
1.554987 0.064829 0.399561 
1.546167 0.061795 0.403454 
0.306465 -0.013089 0.643822 
1.496727 -0.048461 0.328481 
0.127289 0.120457 -1.270465 
-0.734645 -0.098999 0.766939 
0.786439 -0.115653 0.455256 
-0.218297 0.126905 1.020434 
-1.943038 -0.003750 0.245122 
-1.047731 -0.134372 0.824214 
-0.328264 0.116586 1.018128 
-0.912358 -0.195199 0.890075 
0.198462 0.011104 0.705386 
-0.626919 -0.149260 0.507980 
1.602470 0.084335 0.332214 
0.276788 -0.067925 0.066895 
-0.607845 -0.169925 0.897956 
0.299571 -0.064631 0.065970 
0.087033 0.030455 0.698744 
-1.346237 -0.167800 0.190708 
1.591216 -0.005691 1.020579 
0.061811 0.048287 0.704039 
-0.033839 -0.100476 0.636804 
0.630404 0.285597 -1.091070 
-1.224302 -0.079556 0.188525 
-2.006767 0.042375 0.377595 
-0.719697 -0.065094 0.891740 
-0.147768 -0.087261 0.701627 
-1.445158 -0.058789 0.249000 
1.464442 0.013515 0.455670 
1.827761 0.175731 0.334972 
-1.047007 -0.094349 0.189388 
1.451263 -0.039710 1.029411 
1.323288 -0.134267 0.459913 
-0.345575 -0.016256 0.510447 
0.007793 0.088866 -1.040986 
-1.407208 -0.225847 0.760595 
-0.889310 -0.077386 0.886453 
-1.108400 -0.062778 0.256831 
-1.456597 -0.230459 0.757716 
-1.056594 -0.055980 0.253628 
-0.229319 -0.001020 0.506424 
-1.011144 -0.080327 0.196512 
1.555072 -0.038802 0.137705 
-0.121998 0.127662 -1.311188 
1.308231 0.019481 1.023557 
-0.935973 -0.108790 0.196082 
1.313105 0.027799 1.026296 
-1.645849 -0.041684 0.374841 
-0.161532 0.022672 0.637618 
-1.966811 -0.011642 0.313288 
-1.261472 -0.131039 0.758802 
1.252971 -0.082819 1.026513 
-0.459022 -0.113260 0.701713 
0.849394 -0.134049 0.068012 
0.062666 -0.016588 0.514303 
-1.250006 -0.235786 0.567251 
1.172608 -0.104225 1.025376 
1.832328 0.201344 0.466425 
1.041303 -0.052200 0.073130 
1.175159 -0.029839 0.078040 
-0.523432 -0.076717 0.203164 
-1.357694 -0.267968 0.956103 
-1.658938 -0.102020 0.315509 
-1.133782 -0.152261 0.253673 
-1.175725 -0.073792 0.386448 
1.789100 0.081476 0.148617 
0.315530 0.266775 -1.192720 
-0.265074 0.103049 -1.008286 
-1.363980 -0.197290 0.250910 
-1.083335 -0.070026 0.385562 
-1.336468 -0.208903 0.260147 
-1.486835 -0.240343 0.954319 
-0.218838 0.042281 -1.048948 
-1.714963 -0.173474 0.757167 
-0.285494 0.114956 -1.007216 
-1.408397 -0.250074 0.385258 
-0.925169 -0.197029 0.703179 
-1.006990 -0.171746 0.256652 
-2.015967 -0.003622 0.441763 
-1.450234 -0.102222 0.891133 
-1.491323 -0.100630 0.883121 
-1.841940 0.085760 0.051245 
0.092369 0.116662 -1.141751 
-0.585083 -0.162169 0.638130 
-0.617456 -0.162268 0.636043 
-1.613969 0.059439 0.123338 
-1.633602 0.001474 0.123297 
1.381556 0.035465 0.076708 
0.126179 0.227744 -1.241205 
-0.582837 -0.180188 0.258868 
-0.270629 0.113305 -1.022721 
-0.763288 -0.153424 0.635317 
-1.627344 -0.094339 0.880710 
-0.550138 -0.054929 0.703368 
0.901422 -0.130492 0.519261 
-1.742990 -0.100991 0.444085 
-1.934923 -0.024872 0.752139 
-0.695302 -0.208259 0.260536 
0.341822 0.067268 -1.102286 
-0.493179 -0.089750 0.260281 
-0.894327 -0.097405 0.703896 
-1.778326 -0.091477 0.881163 
0.053909 0.224212 -1.252036 
-1.565445 -0.150259 0.441841 
0.006862 0.092978 -1.060430 
-1.540372 -0.165339 0.447045 
-1.442420 -0.121505 0.446466 
1.024668 -0.209432 0.526220 
2.022479 0.166946 0.773730 
0.634591 -0.124500 1.018737 
-1.235317 -0.061539 0.126347 
0.336772 -0.016521 0.204014 
-0.865153 -0.215023 0.384625 
-1.848318 -0.074362 0.883351 
-1.429317 -0.114843 0.568599 
-1.266007 -0.113968 0.445967 
0.472270 -0.017114 0.202834 
1.683558 0.131030 0.836353 
1.845075 0.078417 0.778031 
1.852487 0.086423 0.772977 
0.654701 -0.031433 1.015977 
-0.809880 -0.226046 0.327934 
1.625394 0.079664 0.840921 
-1.755967 0.027106 0.941513 
-0.409160 -0.225801 0.262075 
0.222420 0.284791 -1.411423 
-1.076358 -0.281789 0.634493 
0.443358 0.111186 -1.105173 
-0.587659 -0.219592 0.323568 
0.153495 0.198080 -1.453048 
0.600064 0.003350 1.018242 
-0.849074 -0.071686 0.126953 
-0.535513 -0.223907 0.328984 
-0.772594 -0.056614 0.124568 
-1.905767 -0.059025 0.946746 
-0.218482 -0.216888 0.263442 
-1.846083 0.030083 0.055817 
-0.017686 0.158451 -1.188220 
0.530768 -0.138125 0.208624 
-0.036961 -0.060598 0.324427 
0.518235 0.157279 -1.093371 
1.579593 0.009885 0.521564 
0.163133 -0.055681 0.262514 
0.212354 -0.027476 0.265239 
-1.079268 -0.227385 0.447801 
0.115472 -0.186628 0.265007 
1.674126 -0.035053 0.524317 
-0.366685 0.273822 -1.450884 
-1.792929 -0.086004 0.559062 
1.713866 0.001497 0.834975 
1.711566 0.001208 0.833152 
-0.146528 -0.044425 0.391814 
0.137962 0.287722 -1.406846 
-0.007097 -0.018306 0.390389 
-0.148660 -0.096937 0.386224 
1.007615 -0.155718 0.212784 
-0.147259 0.066486 0.760206 
0.198999 0.008230 1.017085 
1.845120 0.102690 0.967024 
-0.362048 -0.059102 0.130622 
-1.522231 -0.121760 0.690737 
-0.396702 -0.203024 0.139430 
-0.224967 -0.227528 0.323945 
-1.258830 -0.037701 0.058868 
0.572656 0.214184 -1.271918 
-0.552055 -0.075852 0.450729 
-0.547648 -0.071871 0.450142 
1.686750 0.163003 0.902307 
-1.622766 -0.253914 0.695697 
0.627381 -0.042915 0.264709 
-0.455631 0.108122 -1.046944 
1.763249 0.135970 0.967225 
0.311205 0.184380 -1.089638 
1.695473 0.140352 0.965857 
-0.014080 -0.208261 0.134585 
-0.168862 -0.014586 1.010770 
-0.533361 -0.208530 0.451272 
-2.024353 0.061728 0.502950 
1.550537 0.096894 0.967819 
-0.177138 0.062734 -1.023219 
-0.245303 0.074652 -1.189241 
0.155496 -0.043365 0.137192 
-0.087117 0.106690 -1.141115 
0.300326 -0.159043 0.328951 
1.942546 0.233942 0.587095 
1.351772 -0.107930 0.211468 
0.568260 0.196864 -1.271554 
1.621568 -0.046630 0.207079 
1.148106 -0.047207 0.831116 
0.691911 0.186941 -1.208080 
-1.687981 -0.017330 0.507437 
-0.712664 -0.114229 0.066531 
-1.915142 0.091124 0.192049 
-0.691172 -0.145172 0.068230 
-0.061088 0.163092 -1.407194 
1.270893 -0.155908 0.271993 
-1.016998 -0.204236 1.015844 
1.690071 0.008657 0.900304 
1.324131 -0.002083 0.268334 
-0.000316 0.099614 -1.246356 
1.672829 0.000694 0.895381 
0.753221 -0.105558 0.404769 
-1.564510 -0.147351 0.502437 
1.744859 0.190376 0.218224 
0.757502 -0.173809 0.397864 
-1.482560 -0.104207 0.503562 
-1.872409 0.068411 0.688053 
-0.157866 0.104262 0.956054 
0.932120 -0.063881 0.395435 
1.540786 0.040006 0.894137 
-0.340788 0.136441 -1.191136 
0.934833 -0.174079 0.406792 
-2.052470 0.026472 0.621694 
-0.146278 0.120328 -1.137894 
1.662200 -0.034299 0.272670 
0.964895 -0.168660 0.399568 
1.948807 0.282788 0.213843 
1.336196 -0.130653 0.905936 
-1.398607 -0.266454 0.514331 
-0.447743 -0.222440 0.075168 
0.816374 -0.152904 0.142819 
1.177743 -0.182647 0.333321 
1.203529 -0.188063 0.339632 
1.017666 -0.180797 0.145382 
1.679880 0.063398 0.283200 
-1.866638 -0.024439 0.189268 
1.097993 -0.051936 0.142024 
1.249037 -0.006995 0.141780 
1.438210 -0.117875 0.582371 
1.468803 -0.073638 0.336800 
-0.944721 -0.160241 0.509175 
-0.376889 0.268710 -1.310554 
1.898558 0.252660 0.276244 
1.001563 -0.085841 0.769222 
0.139592 0.071066 -1.017921 
1.139103 -0.151890 0.147732 
1.386667 -0.119096 0.333516 
0.509603 -0.006727 0.823977 
1.448148 -0.069425 0.958480 
1.818792 0.219121 0.644913 
1.270468 -0.023998 0.894196 
0.685314 -0.105647 0.460976 
0.694345 -0.110004 0.466112 
1.016436 -0.072259 0.770047 
1.897430 0.245532 0.712612 
0.100580 -0.166779 0.072471 
2.032707 0.197671 0.284769 
1.655505 -0.009108 0.338807 
-0.209916 0.237499 -1.412338 
1.442273 0.003636 0.581400 
0.911669 -0.064252 0.457420 
0.419642 0.277586 -1.346887 
1.603269 -0.072326 0.399489 
1.386130 -0.016203 0.580302 
0.831980 -0.105401 0.463238 
-0.648483 0.112105 -1.053684 
0.484809 -0.004821 0.824140 
0.496149 -0.053515 0.079132 
-0.082213 0.204042 -1.249302 
-1.925629 -0.024482 0.260227 
0.286492 0.007966 0.823890 
1.721395 0.128098 0.343548 
1.177492 -0.155884 0.580114 
1.741696 0.157790 0.345132 
-1.847085 0.095637 0.383787 
1.534543 -0.025370 0.147343 
1.515511 0.053304 0.406158 
-1.425513 -0.139144 0.201511 
0.167413 -0.067305 0.821279 
-0.983831 -0.273228 0.519040 
1.550881 0.059370 0.407232 
1.764023 0.021743 0.710082 
1.900166 0.269566 0.344471 
0.218451 0.024061 0.819978 
1.206410 -0.032350 0.960138 
0.956583 0.009052 0.889362 
0.568646 -0.144315 0.076771 
1.674791 0.010935 0.144627 
0.503659 0.222107 -1.055187 
0.559906 -0.035480 0.764855 
-0.413003 -0.052135 0.513920 
0.168815 0.074865 -1.022962 
0.521917 0.233203 -1.061200 
-1.032032 -0.078169 0.200693 
1.572358 0.012254 0.701487 
1.929181 0.154217 0.349199 
1.498910 -0.120073 0.709638 
-0.025097 0.061408 0.820604 
1.866104 0.142504 0.408330 
0.271561 -0.098213 0.763084 
0.526359 0.167918 -1.055493 
2.029065 0.139767 0.408682 
-0.303106 -0.071218 0.820135 
-0.367461 -0.102039 0.818502 
0.891708 0.016535 0.959312 
1.458556 0.020772 0.642764 
-0.373560 0.220281 -1.207438 
-1.734133 -0.076268 0.321864 
-0.885950 -0.131032 0.204431 
-1.200380 -0.123665 0.265221 
-0.478759 -0.129176 0.818010 
-0.753405 -0.065774 0.198791 
-1.185213 -0.144340 0.262460 
0.085590 -0.022432 0.518988 
-0.711546 -0.074543 0.198406 
-1.541315 -0.135273 0.327658 
-0.678616 -0.082766 0.205518 
-1.708789 0.025140 0.383240 
-0.135467 0.202883 -1.251429 
-1.885253 0.092163 0.444304 
1.251299 -0.131305 0.079439 
0.713720 -0.075723 0.961934 
-1.420117 -0.124534 1.008192 
1.393525 -0.001588 0.708124 
-1.441456 -0.117420 1.004281 
-0.287751 0.030579 0.817985 
1.798264 0.185169 0.471027 
1.623633 0.043112 0.472777 
0.491089 0.243451 -1.315180 
-1.611613 -0.050304 0.392709 
0.264690 0.006441 -1.015495 
1.125621 -0.189181 0.643003 
-1.013615 -0.059769 0.267639 
1.091429 -0.206954 0.643761 
-0.334757 0.237752 -1.213224 
-1.683409 -0.118996 0.386363 
0.440945 -0.036126 0.520938 
0.088522 -0.066030 0.756464 
-0.582092 -0.190927 0.823299 
-1.575788 -0.144774 0.391434 
2.037771 0.262639 0.466626 
-0.889090 -0.091362 0.266749 
0.367025 -0.167118 0.522393 
-1.815192 0.121694 0.059083 
-1.518718 -0.181928 0.394217 
-0.171504 -0.084940 0.755742 
-1.682847 0.103378 0.059582 
0.573172 -0.045767 0.524382 
0.479752 -0.181656 0.572102 
-0.355830 0.205038 -1.149027 
-0.689123 -0.109851 0.265588 
-0.661848 -0.197071 0.267213 
0.543233 -0.131301 0.526130 
0.298271 0.062527 -1.057752 
1.727208 0.229648 0.084309 
1.720831 0.222503 0.085635 
-0.421234 0.209447 -1.150739 
0.227222 0.133955 -1.319427 
-0.178727 -0.030110 0.882370 
-0.735271 -0.121368 0.333187 
0.403760 -0.040373 0.568955 
-0.639837 -0.072689 0.820073 
-1.725417 -0.017786 0.997933 
-0.132428 -0.196126 0.207748 
-0.194892 0.051938 0.751610 
-0.319213 -0.088892 0.878528 
0.247086 -0.031385 0.954802 
-0.541625 -0.028948 0.817463 
-0.577014 -0.047457 0.818696 
0.212439 -0.141087 0.572404 
-1.736069 -0.109749 0.457619 
-0.513654 -0.162727 0.887422 
1.903040 0.153592 0.088388 
-0.004866 -0.239508 0.217293 
-0.082820 -0.003049 0.946458 
-0.676794 -0.117488 0.401927 
0.726853 0.290324 -1.107346 
-0.621588 -0.117784 0.397242 
-0.991079 -0.105771 0.133760 
-1.152222 -0.248657 0.819383 
-0.428203 0.128951 -1.245007 
0.605464 -0.038315 0.628984 
-0.174772 -0.077956 0.338572 
0.342946 0.107916 -1.020470 
-0.436388 -0.033784 0.880176 
-0.845632 -0.179241 0.142914 
-1.177545 -0.142295 0.457686 
-1.178542 -0.172127 0.460780 
0.362656 -0.171664 0.639229 
1.598961 0.019326 0.528021 
-1.505171 -0.198725 0.457139 
0.226747 -0.026102 0.270449 
0.244449 -0.028044 0.271933 
0.004730 -0.242547 0.208225 
-0.875036 -0.203334 0.139328 
-1.245081 -0.235810 0.453327 
0.124732 0.177310 -1.158613 
0.155885 -0.048531 -1.049871 
-0.191902 0.076200 -1.094986 
0.354278 -0.125976 0.694303 
-0.252134 -0.233348 0.341124 
-0.287198 0.201869 -1.207634 
-1.939534 0.076362 0.507204 
0.768266 -0.070655 0.212726 
0.128658 -0.145117 0.276573 
0.537215 -0.136237 0.209349 
1.744556 0.132879 0.531729 
-1.100246 -0.250700 0.463008 
-0.206749 0.009464 0.564869 
0.245899 -0.164201 0.272530 
-0.884746 -0.188591 0.758251 
-0.927896 -0.186345 0.759134 
1.731312 0.038620 0.541240 
1.808267 0.188430 0.538416 
0.676614 0.164226 -1.193744 
-1.369628 -0.102725 0.814108 
-0.609179 -0.170644 0.760324 
0.236415 -0.096797 0.697460 
-0.416214 -0.107895 0.565309 
-0.450685 0.125203 -1.267137 
0.377245 0.064126 -1.015594 
-1.118804 -0.194821 0.074724 
-0.065343 -0.089266 0.146860 
-0.518373 -0.048418 0.458522 
0.970537 -0.158268 0.217363 
-0.219614 -0.174893 0.402534 
-0.883947 -0.077944 0.882392 
-0.478539 -0.220975 0.144614 
-1.610705 -0.240771 0.813688 
-0.580118 -0.093152 0.456155 
-0.900089 -0.080019 0.880579 
-0.852035 -0.106239 0.751963 
-0.955645 -0.096561 0.075800 
1.055125 -0.159330 0.218577 
1.066151 -0.172065 0.215287 
-1.018159 -0.230375 0.456332 
-1.891849 0.049510 0.512207 
0.736485 0.210715 -1.191452 
-0.804653 -0.187327 0.075743 
-0.096635 -0.083295 0.634698 
-0.706060 -0.056386 0.947066 
-0.233771 0.134661 -1.098302 
-0.130156 -0.087882 0.695593 
0.535339 -0.128181 0.338499 
-1.103163 -0.235234 0.752181 
0.183787 0.105264 1.011556 
0.738705 0.231307 -1.194759 
-0.448860 0.122061 -1.207559 
0.252615 0.219857 -1.155495 
0.857351 -0.181728 0.279929 
-1.196158 -0.277304 0.748727 
-0.641889 -0.165091 0.078089 
-1.878897 -0.049163 0.811926 
-0.586033 -0.208452 0.075144 
0.949188 -0.070164 0.339549 
0.448176 -0.114627 0.403117 
-1.129879 -0.143960 0.877812 
-0.103030 0.142523 1.011418 
-0.172676 0.037115 0.688179 
0.463411 -0.099530 0.406380 
-1.399077 -0.254680 0.752419 
-1.810430 0.083612 0.198217 
-1.272329 -0.098697 0.877416 
-1.406689 -0.134765 0.518495 
-1.696972 0.069801 0.197459 
-1.340929 -0.136485 0.516231 
0.528813 -0.092052 0.401287 
-0.146134 0.217075 -1.267983 
1.772075 0.207858 0.219389 
1.322787 -0.005904 0.281392 
-0.471785 -0.121407 0.691174 
1.184555 -0.050388 0.347828 
-1.056215 -0.152643 0.518434 
1.702028 0.147880 0.225791 
0.542385 0.150702 -1.190612 
0.571053 0.205026 -1.109653 
0.889809 -0.068147 0.408204 
-0.247985 -0.116107 0.462726 
-0.098875 -0.196719 0.079760 
0.784495 -0.187954 0.403383 
1.931757 0.273089 0.220633 
-0.505119 0.146118 -1.250951 
0.778845 -0.153333 0.152493 
-0.264385 -0.056666 0.629583 
1.999292 0.205196 0.832799 
-1.932629 0.104596 0.257726 
1.962422 0.136810 0.223540 
1.975405 0.135103 0.223674 
-0.688245 -0.202118 0.691047 
-0.110226 -0.222904 0.080942 
1.755905 0.050611 0.833108 
1.564271 0.075171 0.293777 
-1.671949 -0.047299 0.871486 
1.717686 0.155729 0.827090 
-1.870013 0.086659 0.332314 
-0.051301 0.229037 -1.265615 
0.356643 -0.028562 0.465760 
1.763203 0.176628 0.352035 
-0.974081 -0.211353 0.693764 
-0.565008 -0.153018 0.696099 
1.713429 0.045938 0.292180 
-0.586034 -0.160357 0.693802 
-1.520463 -0.086662 0.945345 
0.614251 0.187282 -1.248514 
-1.504824 -0.134071 0.558630 
1.928792 0.270863 0.287956 
-0.992661 -0.279967 0.524830 
-0.444277 -0.067463 0.520809 
-0.713125 -0.094877 0.695585 
1.050663 -0.090230 1.017558 
2.033906 0.261061 0.353663 
-0.331038 -0.019274 0.526778 
-0.336831 0.198140 -1.091933 
0.567255 -0.147913 0.084360 
-1.029920 -0.068940 0.211519 
0.708988 0.169009 -1.108663 
-1.232055 -0.083165 0.207022 
2.033905 0.156182 0.355046 
-1.911449 -0.030458 0.265856 
-1.907382 -0.031275 0.268367 
-0.880416 -0.170853 0.624107 
1.642323 -0.045782 0.824763 
-0.896301 -0.163405 0.624463 
1.877550 0.096678 0.771535 
1.521759 -0.139505 0.826629 
0.905273 0.163796 -1.046749 
0.991845 -0.057787 0.089879 
-0.801752 -0.080995 0.628664 
1.812366 0.199573 0.415224 
0.853788 -0.101799 0.470423 
0.869352 -0.156216 0.089320 
-1.712476 -0.062544 0.270130 
-0.462093 0.205880 -1.100393 
-1.656953 0.006138 0.331992 
1.001876 0.009159 1.014368 
1.347415 -0.119205 0.824998 
-1.737132 -0.083292 0.334385 
-1.845788 0.037653 0.550786 
1.902124 0.266004 0.157717 
-0.179474 0.176103 -1.205224 
2.005069 0.231340 0.157251 
-1.449085 -0.225130 0.688912 
0.879530 0.023475 1.011837 
-0.942775 -0.190149 0.209014 
-1.467604 -0.225620 0.691748 
2.001277 0.186275 0.163556 
1.749312 0.164134 0.768153 
1.968291 0.140295 0.416071 
0.144952 -0.132956 0.531170 
0.248468 -0.133092 0.531294 
-2.019527 0.076583 0.554415 
1.952406 0.185612 0.959985 
0.738039 -0.089771 1.009964 
0.661805 -0.082980 1.015684 
1.816197 0.214444 0.955789 
1.391102 0.010076 0.472649 
1.336028 0.018342 0.088953 
-1.065016 -0.064900 0.329281 
1.757978 0.140161 0.957747 
-1.148238 -0.068291 0.336192 
0.509807 -0.157821 0.529830 
1.323261 -0.128503 0.477671 
0.563819 -0.045346 0.531763 
0.671724 -0.066453 1.012015 
-1.105776 -0.172403 0.337240 
1.116720 -0.044342 0.820529 
-1.296623 -0.194527 0.269822 
1.473232 -0.134788 0.479829 
0.766223 0.026340 1.012647 
0.750823 0.024491 1.013002 
1.657537 0.163595 0.957143 
1.948198 0.237180 0.573880 
0.519869 -0.142989 0.531100 
1.710273 0.002628 0.759973 
0.577063 -0.181968 0.531428 
-0.198689 0.084315 -1.259381 
-1.436831 -0.031138 0.141194 
-1.832698 0.113583 0.066798 
-1.035478 -0.150399 0.624856 
-0.935272 -0.150704 0.336803 
1.722463 0.080765 0.573913 
-1.544986 -0.121711 0.684105 
0.570586 0.297286 -1.250679 
1.528053 0.067087 0.957134 
0.462384 -0.083132 1.010741 
-1.595459 0.065871 0.076259 
0.826951 -0.030086 0.814082 
-0.081435 0.277692 -1.441886 
-1.599092 -0.136631 0.395401 
0.234736 0.076768 -1.154977 
1.441445 -0.124503 0.765762 
-0.665543 -0.188546 0.277850 
-1.809023 0.079251 0.450905 
-1.793613 0.073225 0.452595 
-1.512812 -0.182724 0.399284 
-1.722193 -0.033727 0.679000 
0.358165 -0.061054 1.011246 
0.357572 -0.060136 1.007921 
-0.765283 -0.226135 0.278512 
0.029093 0.129853 0.948760 
1.100030 -0.200590 0.540796 
1.776455 0.024588 0.571991 
-1.532151 -0.102846 0.622830 
-1.154637 -0.083110 0.403090 
-0.781851 -0.056397 0.150681 
-0.385299 -0.098683 0.278548 
-0.276474 -0.107045 0.276221 
-0.314133 -0.111865 0.277753 
-0.783576 -0.183238 0.146747 
1.628288 -0.029019 0.887468 
-0.792139 -0.189621 0.145056 
-0.100207 -0.077435 0.282824 
-0.094024 -0.068689 0.279059 
1.816368 0.058274 0.479738 
-0.277503 0.093408 0.947914 
1.382392 -0.131985 0.542424 
-0.069331 -0.085696 0.346109 
2.050067 0.151521 0.485753 
1.413953 -0.132399 0.888293 
-1.283801 -0.243680 0.401195 
-1.405352 -0.260480 0.402113 
1.072595 -0.153472 0.758964 
1.060257 -0.151879 0.759793 
-0.028451 -0.132448 0.347732 
1.509990 -0.142904 0.539936 
-0.551735 -0.185832 0.152701 
-0.510253 -0.219453 0.340178 
1.039728 -0.211746 0.531790 
-0.368267 -0.230835 0.346315 
-0.335001 -0.236992 0.346795 
1.770448 0.022632 0.541952 
-0.234142 -0.227301 0.341692 
-1.671890 0.013593 0.068991 
0.010854 -0.025826 0.339848 
0.018840 -0.024557 0.338934 
0.531380 0.177872 -1.053302 
1.451072 0.002776 0.572029 
0.118622 -0.036583 0.346505 
1.605959 -0.121910 0.544555 
-0.800793 -0.096129 0.400069 
0.748415 -0.177155 0.221224 
-1.893408 -0.069227 0.614488 
-0.442687 0.142029 -1.322743 
-0.668530 -0.116516 0.409239 
-0.655421 -0.118224 0.400438 
1.139264 -0.184592 0.892397 
0.935293 -0.049400 0.218064 
1.855939 0.158524 0.701973 
1.111369 -0.179788 0.891735 
1.200771 -0.150820 0.566588 
-0.833069 -0.211947 0.402699 
1.938884 0.228110 0.537573 
1.966865 0.252801 0.537312 
-2.018351 -0.049636 0.619213 
0.106081 -0.027257 0.821783 
-0.753580 -0.214979 0.406449 
-0.101314 -0.190875 0.148598 
1.808401 0.039069 0.548181 
1.810565 0.044654 0.546004 
-1.597612 -0.069183 0.461230 
1.803069 0.202944 0.703346 
0.259549 -0.026671 0.272951 
-2.051043 0.019609 0.618026 
0.306439 -0.024063 0.282534 
1.893211 0.098974 0.541878 
0.436313 0.121242 -1.145556 
-0.453357 0.042941 1.000993 
-0.124529 -0.035717 0.814381 
-1.155140 -0.186278 0.078839 
0.833241 -0.040341 0.757775 
0.430471 -0.067740 0.280044 
0.774113 -0.154389 0.885640 
-0.446265 -0.076433 0.403800 
-0.415711 -0.130474 0.408219 
-0.012641 0.065568 0.689136 
1.355532 -0.002738 0.224201 
0.533420 0.202429 -1.006462 
-1.162459 -0.187619 0.464741 
-1.960344 -0.050098 0.514842 
0.550488 -0.114097 0.348749 
0.553045 -0.112426 0.351366 
-0.917774 -0.095666 0.079112 
0.661230 -0.152499 0.758488 
0.448402 -0.091367 0.284411 
1.501728 -0.045074 0.226530 
1.082058 -0.133129 0.952397 
1.363450 -0.109635 0.228191 
1.756948 0.024672 0.700335 
-0.124312 0.037386 -1.202509 
-1.145423 -0.218027 0.464298 
0.971665 -0.065475 0.355044 
-0.579678 -0.067961 0.080760 
-1.087618 -0.255474 0.464648 
-1.048889 -0.262599 0.471001 
-0.686050 -0.139520 0.081449 
0.455867 -0.134402 0.757286 
-1.598050 -0.147746 0.528261 
-0.846576 -0.082940 0.466529 
-0.788053 -0.148534 1.007882 
0.142789 -0.032680 0.405720 
0.685750 -0.053974 0.158492 
0.175810 -0.038318 0.408360 
-0.990268 -0.222517 0.080281 
-0.645456 -0.206387 0.812739 
0.781480 -0.101525 0.953138 
0.000219 -0.129843 0.408855 
1.586871 -0.102967 0.636396 
1.118834 -0.132948 0.351422 
0.714703 -0.150393 0.155909 
-1.226017 -0.137104 0.530964 
0.890161 -0.049868 0.160835 
-1.508632 -0.188663 0.528977 
0.925552 -0.047913 0.154919 
1.461159 0.018604 0.698560 
-0.993757 -0.238127 0.471604 
0.326553 -0.077044 0.409891 
-0.990364 -0.226394 0.808655 
0.485316 -0.046808 0.409975 
-0.186016 -0.087703 0.088454 
1.810477 0.085190 0.235084 
0.780975 0.249110 -1.017401 
0.349237 -0.102389 0.410083 
0.911403 -0.162325 0.161697 
-0.026093 0.024699 -1.206245 
-0.615802 -0.063150 0.809126 
-1.190835 -0.244595 0.529273 
1.231694 -0.191557 0.695224 
0.455609 -0.107945 0.408928 
-0.592545 -0.225544 0.469791 
-0.243695 0.123560 -1.338124 
-0.470152 -0.236180 0.086777 
-0.449053 -0.233110 0.088543 
-0.727567 -0.091836 0.811733 
1.126191 -0.179016 0.699442 
-0.508192 -0.042359 0.463303 
0.601722 -0.164757 0.948728 
1.464734 0.019058 0.287144 
0.781774 0.274233 -1.051029 
-1.158770 -0.229675 1.003570 
1.123820 -0.166101 0.165897 
1.206630 -0.023771 0.694156 
-0.880258 -0.087379 0.807808 
0.175743 -0.017531 0.558568 
1.356714 -0.127792 0.292173 
0.122420 0.047965 0.752213 
1.418721 0.005481 0.626608 
0.068295 -0.013366 0.555105 
0.198325 -0.057721 0.091720 
1.435054 0.019249 0.159887 
-1.932425 0.104806 0.327729 
0.922215 -0.063717 0.415787 
-0.200566 -0.084010 0.751435 
0.997251 -0.052547 0.417261 
0.562202 0.116827 -1.019506 
-0.767654 -0.171669 0.532696 
-1.494849 -0.232802 1.000304 
1.793416 0.195533 0.365027 
-1.465434 -0.041993 0.207553 
-0.037055 0.003441 0.750652 
1.678516 0.011504 0.158715 
0.507310 -0.055947 0.092777 
-0.013535 0.000198 0.556124 
-1.456173 -0.147011 0.218246 
-1.110535 -0.096164 1.001686 
0.504946 -0.133226 0.096278 
0.832046 -0.153906 0.697130 
-0.199489 0.006020 0.556732 
1.752612 0.043637 0.297740 
-1.774846 0.108708 0.139404 
1.104456 -0.061514 0.628868 
1.890275 0.265442 0.357143 
1.913617 0.272764 0.356510 
-1.241673 -0.089645 0.217125 
0.421204 -0.175428 0.092939 
0.225607 -0.142361 0.476128 
-1.376630 -0.238386 0.811300 
1.825852 0.133769 0.297933 
0.797715 -0.046050 0.691264 
1.328767 -0.024687 0.420030 
-0.493828 -0.143944 0.531754 
1.819237 0.156543 0.354536 
0.716786 -0.173932 0.698017 
1.941154 0.147500 0.298109 
-1.491527 -0.240855 0.805439 
0.338372 -0.152803 0.472836 
-0.302164 -0.022896 0.558183 
-1.120193 -0.133843 0.813799 
0.767740 -0.130941 0.631811 
-1.823243 0.067523 0.267523 
0.514876 -0.019034 0.472881 
-0.796660 -0.063622 0.218986 
0.730366 -0.180849 0.632499 
0.364763 0.098938 -1.010728 
0.563204 -0.033663 0.693505 
0.324452 0.267680 -1.198324 
-0.955264 -0.173092 0.219939 
0.640720 -0.179150 0.631615 
0.006482 -0.008727 0.531341 
0.215008 -0.018068 0.534291 
1.622471 0.041853 0.426629 
-1.776917 -0.009272 0.148321 
-0.762659 -0.198073 0.217655 
-1.654396 -0.120051 0.341595 
-0.500215 -0.141693 0.876505 
-1.649433 0.032815 0.145288 
0.208060 0.058563 -1.142800 
0.739524 0.148894 -1.048705 
-1.529695 -0.136434 0.273757 
0.881890 -0.158831 0.100078 
0.262030 -0.102331 0.688428 
-0.600011 0.111506 -1.101967 
0.291198 -0.013398 0.531671 
0.882426 -0.174467 0.484143 
1.829245 0.205008 0.426646 
0.229936 0.254055 -1.425891 
-1.697666 -0.044134 0.804011 
-1.788373 0.027874 0.803259 
-0.491534 -0.036060 0.875313 
-1.879693 -0.064479 0.995621 
0.799840 0.170095 -1.054365 
0.742826 0.152423 -1.094161 
-0.868359 -0.088725 0.554052 
0.432196 0.176710 -1.015248 
0.149494 -0.110027 0.690736 
-0.607337 -0.048453 0.749113 
-1.918291 -0.043418 0.796886 
0.351064 0.117430 -1.155833 
-0.805478 -0.107119 0.751156 
-1.873719 0.009616 0.403996 
-0.964117 -0.055508 0.276602 
-1.977176 0.029009 0.987040 
-1.811353 0.040349 0.402220 
0.352864 -0.019544 0.621221 
-0.051763 -0.082164 0.227027 
0.278910 -0.016981 0.625591 
-0.380112 -0.231284 0.225442 
1.561257 -0.026227 0.100177 
1.636652 -0.024705 0.096583 
-1.185993 -0.260188 0.554484 
-0.252413 -0.228221 0.217996 
-1.665698 -0.030866 0.402521 
-1.080922 -0.217944 0.156940 
0.054545 0.037762 0.680731 
-0.685678 -0.069852 0.870261 
-0.821560 -0.063499 0.154328 
-0.936024 -0.160918 0.344823 
-0.790916 -0.057589 0.154202 
-1.739806 0.123756 0.076278 
0.915841 -0.122631 0.548896 
0.046782 -0.079222 0.228386 
-0.515863 -0.035477 0.869772 
1.891911 0.227340 1.012876 
1.664076 -0.025609 0.480242 
1.661231 -0.053364 0.485232 
-1.194165 -0.268316 0.751658 
-0.193241 0.066439 -1.197501 
0.302780 0.162905 -1.321841 
0.421259 0.191885 -1.044052 
-1.479596 -0.225989 0.548755 
-1.985541 0.098900 0.458258 
1.034428 -0.084388 0.547473 
1.780173 0.156976 0.102569 
1.545642 0.081715 0.099141 
1.880421 0.213633 0.829405 
-0.487556 -0.093323 0.285453 
-0.366532 -0.086717 0.349063 
0.233431 0.172743 -1.261915 
1.816318 0.249426 0.102575 
-0.461359 -0.055988 0.155506 
-1.170437 -0.107491 0.737813 
-0.430143 -0.050803 0.157901 
1.474129 0.080358 1.018143 
-1.333843 -0.133384 0.740021 
-0.481462 -0.202212 0.157868 
-0.034086 -0.074571 0.350060 
0.587385 0.218987 -1.092123 
0.584743 0.214875 -1.099046 
0.052977 0.286404 -1.424544 
-0.449088 -0.205735 0.154038 
-0.380549 -0.200108 0.159415 
-0.065308 0.157629 -1.196673 
-0.122282 0.001466 0.626319 
0.038407 -0.236718 0.228300 
-1.071864 -0.283113 0.939571 
-0.095320 -0.162846 0.292743 
-1.663638 -0.231388 0.742699 
-0.035263 -0.099467 0.157704 
-1.193995 -0.203221 0.413327 
0.821109 0.142005 -1.017166 
-0.106103 0.095664 0.808655 
1.668567 -0.061839 0.540081 
-1.642892 -0.099087 0.738531 
-0.349389 -0.221851 0.162579 
0.750628 -0.181142 0.227684 
-1.618901 -0.109243 0.913649 
1.591326 -0.116005 0.819207 
-0.835239 -0.220043 0.685429 
-1.799536 -0.067343 0.738620 
-0.160144 -0.091654 0.670236 
-1.531286 -0.206374 0.600590 
-0.314547 0.119277 1.003406 
-1.253453 -0.229009 0.602925 
-1.282141 -0.096116 0.871060 
-1.119245 -0.133653 0.933649 
-1.750292 0.015451 0.849466 
-1.147595 -0.274738 0.607619 
-1.893534 -0.056450 0.547094 
-0.931068 -0.154437 0.601181 
1.462097 -0.126692 0.823230 
-0.795544 -0.074930 0.604184 
-1.282734 -0.104633 0.934528 
-0.547385 -0.114818 0.688239 
0.207960 0.194447 -1.149538 
-0.974117 -0.274299 0.608015 
-1.058201 -0.144797 0.856089 
-1.036905 -0.138200 0.856061 
-0.116396 0.157267 -1.426862 
-0.614375 -0.163391 0.618534 
-0.637551 -0.148016 0.626202 
-1.534066 -0.158645 0.934029 
0.917113 0.170691 -1.053445 
-1.073862 -0.283130 0.866099 
1.237171 -0.039305 0.682870 
-1.470270 -0.242461 0.920345 
-0.173104 0.142422 -1.422900 
-0.013279 0.020360 0.603667 
1.654244 0.054640 0.550484 
-0.729121 -0.102206 0.678405 
0.035168 0.057707 -1.201251 
-0.083779 -0.069746 0.605042 
0.692576 0.272509 -1.093556 
2.022300 0.266621 0.547907 
0.170665 0.091437 -1.051364 
1.830544 0.065016 0.555715 
1.413557 0.008408 0.681523 
-0.905877 -0.086438 0.926631 
-0.952595 -0.211111 0.860850 
0.247328 0.210750 -1.151874 
1.504904 0.017996 0.681282 
1.969781 0.125417 0.575134 
-0.858010 -0.162405 0.619885 
-0.960962 -0.091716 0.686869 
-0.853779 -0.067515 0.922261 
-1.674098 -0.055994 0.862096 
-0.446889 -0.025208 0.855143 
-1.045508 -0.274798 0.681294 
-1.056279 -0.271692 0.686758 
2.047607 0.237085 0.563587 
-1.781828 0.027084 0.870407 
-0.554473 -0.030441 0.730047 
-1.615962 -0.045008 0.532007 
1.327394 -0.215298 0.684743 
-0.857357 -0.201509 0.922167 
-0.413062 0.084308 -1.106203 
-0.602766 -0.157669 0.734309 
-1.023137 -0.189728 0.732629 
-1.561972 -0.132189 0.535812 
-0.381908 0.086074 -1.106901 
-0.391154 -0.120417 0.924649 
-1.987872 0.049343 0.924957 
-0.650407 -0.212581 0.738210 
-1.252431 -0.122326 0.537005 
-1.189285 -0.240588 0.614573 
-1.224726 -0.132986 0.537184 
-0.297817 -0.076047 0.927038 
1.860991 0.241737 0.686830 
0.685590 -0.158939 0.816576 
1.951676 0.134066 0.952681 
-0.263403 -0.018995 0.732708 
-1.538695 -0.163604 0.981875 
1.806968 0.122483 0.686732 
-1.411722 -0.230239 0.615774 
-1.290001 -0.099016 0.983265 
-1.175462 -0.260794 0.537604 
-1.158985 -0.271594 0.536918 
-0.380390 0.059261 -1.014681 
0.732246 -0.080344 1.012305 
-1.842840 -0.017449 0.782429 
-1.954877 -0.055549 0.780979 
-1.429845 -0.264740 0.987484 
1.400462 -0.009670 0.612024 
0.500243 -0.160902 0.812311 
0.398965 -0.105681 0.935755 
1.466706 0.016354 0.614070 
-0.783442 -0.186149 0.537313 
1.348951 -0.193321 0.565922 
-1.776510 -0.100542 0.792311 
-1.765398 -0.122001 0.787836 
1.515291 -0.124950 0.622952 
-1.144095 -0.251601 0.986479 
-1.656424 -0.080153 0.787167 
-0.277081 0.037281 -1.097975 
-1.590641 -0.110081 0.786262 
-0.629857 -0.091586 0.537350 
-1.574870 -0.110419 0.788679 
1.298327 -0.219861 0.628233 
-0.861490 -0.039624 0.982014 
-0.044125 -0.029954 -1.054294 
0.448015 -0.006895 0.809743 
-0.940846 -0.212284 0.535976 
0.249620 -0.070329 0.808473 
-1.780218 -0.109692 0.670714 
0.192411 0.097412 0.938414 
1.618962 -0.088676 0.622439 
1.170280 -0.170709 0.560358 
-0.354926 0.170502 -1.015707 
0.884158 -0.111053 0.937119 
-1.075381 -0.129366 0.792287 
1.166072 -0.161028 0.754209 
-0.396947 -0.096820 0.540047 
-1.557205 -0.118526 0.669993 
-0.348727 -0.100267 0.543157 
1.086208 -0.038302 0.874943 
-0.129603 0.093662 0.872665 
0.024399 0.039125 0.809257 
-1.747876 0.002635 0.608026 
0.378367 0.140210 -1.205024 
-1.562378 -0.254368 0.670960 
0.706014 -0.158790 0.743710 
0.712558 -0.162264 0.742173 
1.824788 0.122596 0.619917 
1.197194 -0.045636 0.935073 
-0.476491 0.157987 -1.017091 
-0.402157 0.055378 0.981156 
-0.106147 -0.027706 0.807666 
-0.046695 -0.026012 0.546559 
1.071770 -0.127770 0.940294 
-1.123975 -0.249419 0.791865 
1.092390 -0.158026 0.934480 
1.210402 -0.185311 0.877433 
-1.276215 -0.125457 0.673296 
2.052311 0.189531 0.626967 
-1.569991 -0.261028 0.682222 
-0.006836 -0.114339 0.545815 
0.959360 -0.076636 0.559047 
-0.895956 -0.088356 0.797088 
1.362687 -0.068750 0.935370 
1.590457 -0.031328 0.944588 
-0.165060 -0.017726 1.003471 
1.626377 -0.002218 0.948975 
-0.120919 0.007235 0.988087 
-0.646380 -0.075896 0.798568 
0.602608 -0.220967 0.744504 
0.995626 -0.127387 0.755648 
-0.999893 -0.223662 0.797489 
-1.726214 -0.134439 0.678033 
1.649141 -0.005425 0.936495 
-0.286355 0.014719 0.801669 
1.585143 -0.058832 0.941155 
-1.725090 -0.016457 0.604454 
1.330917 -0.120917 0.950011 
1.417128 -0.078992 0.942295 
0.219003 -0.149532 0.543635 
1.467640 0.030654 0.942685 
-0.204999 0.159680 -1.155683 
-1.811930 -0.084111 0.671170 
0.974051 -0.068519 0.754840 
0.160211 0.091842 0.872925 
-1.640936 -0.154252 0.603007 
0.111942 0.101123 0.930812 
-1.606511 -0.204072 0.607323 
0.382026 -0.074223 0.998412 
0.293662 -0.118327 0.543296 
1.928278 0.246486 0.633032 
0.193300 0.185920 -1.432200 
1.688345 0.150366 0.877410 
-1.424413 -0.103212 0.605876 
1.522548 0.051068 0.943165 
0.434558 -0.039218 0.551841 
-1.903420 -0.032197 0.670935 
0.709826 -0.160999 0.749584 
-0.656790 -0.137446 0.675150 
0.603865 -0.057283 0.546175 
-0.567263 -0.157184 0.802998 
-0.671814 -0.167611 0.994215 
0.528530 -0.143865 0.995963 
1.616588 -0.013206 0.745256 
0.633556 -0.140656 0.999203 
-0.099946 -0.026878 0.791418 
1.737746 0.149633 0.940004 
0.014309 -0.035827 -1.058824 
0.796747 0.209575 -1.155344 
1.109703 -0.180041 0.881817 
0.101197 -0.120549 0.554175 
0.635087 -0.137081 1.002773 
0.717451 -0.196541 0.548145 
1.773171 0.029822 0.744480 
0.928803 -0.095688 0.550969 
0.913690 -0.117327 0.551634 
1.270584 -0.023637 0.879760 
-1.885691 0.036574 0.851640 
-1.879725 0.034156 0.860927 
0.253937 -0.001500 0.793477 
-0.003941 0.094842 0.739066 
-0.000208 0.097253 0.741845 
-0.912399 -0.088720 0.802500 
0.493731 -0.028941 0.746492 
0.989198 -0.109290 0.882008 
0.392874 -0.009620 0.793885 
1.678153 0.096731 0.755924 
1.183462 -0.162350 0.551509 
-1.067960 -0.265730 0.800517 
-0.277691 -0.055130 0.678442 
-1.910479 -0.058778 0.926057 
-1.887688 -0.058718 0.922500 
1.409221 -0.177801 0.625232 
1.246176 -0.027942 1.004873 
-0.479604 -0.131750 0.673897 
0.662675 -0.144970 0.939690 
0.056213 -0.073101 0.743646 
-0.297948 -0.116490 0.546857 
-0.199206 0.030597 0.674833 
-0.468398 0.216338 -1.051270 
-0.405888 -0.094480 0.547998 
-1.655511 -0.141569 0.924811 
-1.657720 -0.142587 0.927308 
-0.497777 -0.117945 0.545959 
1.838140 0.230083 0.696703 
-0.938241 -0.214905 0.610943 
-1.199132 -0.199805 0.993277 
1.742154 0.019152 0.552743 
0.112533 0.045573 0.741642 
-1.120609 -0.129348 0.800539 
-1.113266 -0.146060 0.870708 
1.695894 0.069556 0.694430 
-0.269712 -0.065066 0.613043 
-0.511571 -0.065577 0.618037 
-1.956462 -0.049601 0.731803 
-1.518277 -0.188302 0.927252 
-0.155384 0.118372 0.987943 
1.818997 0.192410 0.560586 
0.608648 -0.021453 0.881149 
0.111928 0.007747 0.679862 
0.010172 0.150822 0.992055 
1.267263 -0.055069 0.624471 
-0.622624 -0.126035 0.549064 
-1.647459 -0.229225 0.798928 
-0.062541 0.020985 0.612404 
-0.917409 -0.083439 0.869056 
0.203249 -0.035542 -1.058838 
-1.186906 -0.101038 0.986394 
-1.605219 -0.102494 0.796120 
-0.777466 -0.181812 0.871733 
-1.370593 -0.118999 0.732855 
-1.348989 -0.127451 0.737105 
-0.248256 -0.078812 0.615284 
1.537046 0.019417 0.691928 
-2.020399 -0.032927 0.539516 
1.688907 0.192688 1.003428 
1.692697 0.194772 1.005432 
-1.416459 -0.126897 0.989228 
-0.783961 -0.166805 0.551143 
1.778221 0.229063 1.005488 
-1.884716 0.040700 0.534962 
-0.693475 -0.182004 0.869615 
0.553643 -0.031318 0.682580 
0.855415 -0.161819 0.627780 
0.240094 -0.067942 0.870455 
-1.493482 -0.261769 0.742030 
-1.489085 -0.260834 0.741959 
0.747990 -0.056137 0.684875 
0.582442 -0.203747 0.685026 
-0.317872 0.009758 0.740814 
0.042459 0.119775 0.806751 
-1.752206 -0.121585 0.538233 
0.699411 -0.166498 0.691574 
0.145031 -0.006232 0.612247 
1.360103 -0.020818 0.689244 
0.842444 -0.037419 0.685853 
-1.705959 -0.071448 0.987387 
-1.884656 -0.016483 0.789522 
1.702514 0.140319 0.815464 
-0.492549 -0.038051 0.865400 
-1.608925 -0.168393 0.538901 
1.246921 -0.204380 0.693064 
0.154627 -0.107810 0.618890 
-1.619169 -0.009610 0.989641 
-0.130476 -0.031728 0.933278 
1.887107 0.213758 0.811022 
-0.325930 0.038114 0.867809 
-1.673992 0.012975 0.983618 
-1.839774 0.039044 0.982236 
0.448726 -0.034362 0.619601 
0.542147 -0.156763 0.623547 
0.460779 -0.034199 0.616570 
-0.457964 0.258288 -1.256879 
-0.857980 -0.196810 0.740602 
0.269645 -0.125001 0.614453 
0.734891 -0.057616 0.619334 
-0.469692 -0.107859 0.872163 
-0.879393 -0.193837 0.738015 
-0.297480 -0.094637 0.867576 
-0.242858 -0.036427 0.933493 
-0.312013 -0.087178 0.931697 
-1.003887 -0.190753 0.736273 
0.686152 -0.040737 1.012734 
-0.857817 -0.122292 0.012992 
